#usda 1.0
(
    defaultPrim = "Cube"
    doc = "Blender v4.0.2"
    metersPerUnit = 0.5
    upAxis = "Z"
)

def Xform "Cube"
{
    matrix4d xformOp:transform = ( (1, 0, 0, 0), (0, 1, 0, 0), (0, 0, 1, 0), (0, 0, 0, 1) )
    uniform token[] xformOpOrder = ["xformOp:transform"]

    def Mesh "Cube"
    {
        float3[] extent = [(-1, -1, -1), (1, 1, 1)]
        int[] faceVertexCounts = [4, 4, 4, 4, 4, 4]
        int[] faceVertexIndices = [0, 4, 6, 2, 3, 2, 6, 7, 7, 6, 4, 5, 5, 1, 3, 7, 1, 0, 2, 3, 5, 4, 0, 1]
        normal3f[] normals = [(0, 0, 1), (0, 0, 1), (0, 0, 1), (0, 0, 1), (0, -1, 0), (0, -1, 0), (0, -1, 0), (0, -1, 0), (-1, 0, 0), (-1, 0, 0), (-1, 0, 0), (-1, 0, 0), (0, 0, -1), (0, 0, -1), (0, 0, -1), (0, 0, -1), (1, 0, 0), (1, 0, 0), (1, 0, 0), (1, 0, 0), (0, 1, 0), (0, 1, 0), (0, 1, 0), (0, 1, 0)] (
            interpolation = "faceVarying"
        )
        point3f[] points = [(1, 1, 1), (1, 1, -1), (1, -1, 1), (1, -1, -1), (-1, 1, 1), (-1, 1, -1), (-1, -1, 1), (-1, -1, -1)]
        bool[] primvars:sharp_face = [1, 1, 1, 1, 1, 1] (
            interpolation = "uniform"
        )
        texCoord2f[] primvars:UVMap = [(0.625, 0.5), (0.875, 0.5), (0.875, 0.75), (0.625, 0.75), (0.375, 0.75), (0.625, 0.75), (0.625, 1), (0.375, 1), (0.375, 0), (0.625, 0), (0.625, 0.25), (0.375, 0.25), (0.125, 0.5), (0.375, 0.5), (0.375, 0.75), (0.125, 0.75), (0.375, 0.5), (0.625, 0.5), (0.625, 0.75), (0.375, 0.75), (0.375, 0.25), (0.625, 0.25), (0.625, 0.5), (0.375, 0.5)] (
            interpolation = "faceVarying"
        )
        uniform token subdivisionScheme = "none"
    }
}

def Xform "Sphere"
{
    matrix4d xformOp:transform = ( (1, 0, 0, 0), (0, 1, 0, 0), (0, 0, 1, 0), (0, 2.57667875289917, 0, 1) )
    uniform token[] xformOpOrder = ["xformOp:transform"]

    def Mesh "Sphere"
    {
        float3[] extent = [(-0.99999905, -0.99999934, -1), (0.9999997, 1, 1)]
        int[] faceVertexCounts = [4, 4, 4, 3, 3, 4, 4, 4, 4, 4, 4, 4, 4, 4, 4, 4, 4, 4, 4, 4, 4, 3, 3, 4, 4, 4, 4, 4, 4, 4, 4, 4, 4, 4, 4, 4, 4, 4, 4, 4, 4, 4, 4, 4, 3, 3, 4, 4, 4, 4, 4, 4, 3, 3, 4, 4, 4, 4, 4, 4, 4, 4, 4, 4, 4, 4, 4, 4, 4, 4, 4, 4, 4, 4, 4, 3, 3, 4, 4, 4, 4, 4, 4, 3, 3, 4, 4, 4, 4, 4, 4, 4, 4, 4, 4, 4, 4, 4, 4, 4, 4, 4, 4, 4, 4, 4, 3, 3, 4, 4, 4, 4, 4, 4, 3, 3, 4, 4, 4, 4, 4, 4, 4, 4, 4, 4, 4, 4, 4, 4, 4, 4, 4, 4, 4, 4, 3, 3, 4, 4, 4, 4, 4, 4, 3, 3, 4, 4, 4, 4, 4, 4, 4, 4, 4, 4, 4, 4, 4, 4, 4, 4, 4, 4, 4, 4, 4, 3, 3, 4, 4, 4, 4, 4, 4, 4, 4, 4, 4, 4, 4, 4, 4, 4, 4, 4, 4, 4, 4, 4, 3, 3, 4, 4, 4, 4, 4, 4, 3, 3, 4, 4, 4, 4, 4, 4, 4, 4, 4, 4, 4, 4, 4, 4, 4, 4, 4, 4, 4, 4, 4, 3, 3, 4, 4, 4, 4, 4, 4, 3, 3, 4, 4, 4, 4, 4, 4, 4, 4, 4, 4, 4, 4, 4, 4, 4, 4, 4, 4, 4, 4, 4, 3, 3, 4, 4, 4, 4, 4, 4, 3, 3, 4, 4, 4, 4, 4, 4, 4, 4, 4, 4, 4, 4, 4, 4, 4, 4, 4, 4, 4, 4, 3, 3, 4, 4, 4, 4, 4, 4, 3, 3, 4, 4, 4, 4, 4, 4, 4, 4, 4, 4, 4, 4, 4, 4, 4, 4, 4, 4, 4, 4, 4, 3, 3, 4, 4, 4, 4, 4, 4, 3, 3, 4, 4, 4, 4, 4, 4, 4, 4, 4, 4, 4, 4, 4, 4, 4, 4, 4, 4, 4, 4, 4, 3, 3, 4, 4, 4, 4, 4, 4, 3, 3, 4, 4, 4, 4, 4, 4, 4, 4, 4, 4, 4, 4, 4, 4, 4, 4, 4, 4, 4, 4, 4, 3, 3, 4, 4, 4, 4, 4, 4, 4, 4, 4, 4, 4, 4, 4, 4, 4, 4, 4, 4, 4, 4, 4, 3, 3, 4, 4, 4, 4, 4, 4, 3, 3, 4, 4, 4, 4, 4, 4, 4, 4, 4, 4, 4, 4, 4, 4, 4, 4, 4, 4, 4, 4, 3, 3, 4, 4, 4, 4, 4, 4, 3, 3, 4, 4, 4, 4, 4, 4, 4, 4, 4, 4, 4, 4, 4, 4, 4, 4, 4, 4, 4, 4, 4, 3, 3, 4, 4, 4, 4, 4, 4, 3, 3, 4, 4, 4, 4, 4, 4, 4, 4, 4, 4, 4, 4, 4, 4, 4, 4, 4, 4, 4, 4, 4, 3, 3, 4, 4, 4, 4, 4, 4, 3, 3, 4, 4, 4, 4, 4, 4, 4, 4, 4, 4, 4, 4]
        int[] faceVertexIndices = [2, 476, 11, 12, 481, 480, 19, 20, 3, 2, 12, 13, 473, 81, 6, 307, 481, 20, 4, 3, 13, 14, 474, 473, 6, 7, 477, 4, 14, 15, 0, 474, 7, 8, 5, 477, 15, 16, 475, 0, 8, 9, 478, 5, 16, 17, 1, 475, 9, 10, 479, 478, 17, 18, 476, 1, 10, 11, 480, 479, 18, 19, 11, 10, 25, 26, 19, 18, 33, 34, 12, 11, 26, 27, 20, 19, 34, 35, 13, 12, 27, 28, 6, 81, 21, 307, 20, 35, 14, 13, 28, 29, 7, 6, 21, 22, 15, 14, 29, 30, 8, 7, 22, 23, 16, 15, 30, 31, 9, 8, 23, 24, 17, 16, 31, 32, 10, 9, 24, 25, 18, 17, 32, 33, 30, 29, 44, 45, 23, 22, 37, 38, 31, 30, 45, 46, 24, 23, 38, 39, 32, 31, 46, 47, 25, 24, 39, 40, 33, 32, 47, 48, 26, 25, 40, 41, 34, 33, 48, 49, 27, 26, 41, 42, 35, 34, 49, 50, 28, 27, 42, 43, 21, 81, 36, 307, 35, 50, 29, 28, 43, 44, 22, 21, 36, 37, 49, 48, 63, 64, 42, 41, 56, 57, 50, 49, 64, 65, 43, 42, 57, 58, 36, 81, 51, 307, 50, 65, 44, 43, 58, 59, 37, 36, 51, 52, 45, 44, 59, 60, 38, 37, 52, 53, 46, 45, 60, 61, 39, 38, 53, 54, 47, 46, 61, 62, 40, 39, 54, 55, 48, 47, 62, 63, 41, 40, 55, 56, 53, 52, 67, 68, 61, 60, 75, 76, 54, 53, 68, 69, 62, 61, 76, 77, 55, 54, 69, 70, 63, 62, 77, 78, 56, 55, 70, 71, 64, 63, 78, 79, 57, 56, 71, 72, 65, 64, 79, 80, 58, 57, 72, 73, 51, 81, 66, 307, 65, 80, 59, 58, 73, 74, 52, 51, 66, 67, 60, 59, 74, 75, 72, 71, 87, 88, 80, 79, 95, 96, 73, 72, 88, 89, 66, 81, 82, 307, 80, 96, 74, 73, 89, 90, 67, 66, 82, 83, 75, 74, 90, 91, 68, 67, 83, 84, 76, 75, 91, 92, 69, 68, 84, 85, 77, 76, 92, 93, 70, 69, 85, 86, 78, 77, 93, 94, 71, 70, 86, 87, 79, 78, 94, 95, 92, 91, 106, 107, 85, 84, 99, 100, 93, 92, 107, 108, 86, 85, 100, 101, 94, 93, 108, 109, 87, 86, 101, 102, 95, 94, 109, 110, 88, 87, 102, 103, 96, 95, 110, 111, 89, 88, 103, 104, 82, 81, 97, 307, 96, 111, 90, 89, 104, 105, 83, 82, 97, 98, 91, 90, 105, 106, 84, 83, 98, 99, 111, 110, 125, 126, 104, 103, 118, 119, 97, 81, 112, 307, 111, 126, 105, 104, 119, 120, 98, 97, 112, 113, 106, 105, 120, 121, 99, 98, 113, 114, 107, 106, 121, 122, 100, 99, 114, 115, 108, 107, 122, 123, 101, 100, 115, 116, 109, 108, 123, 124, 102, 101, 116, 117, 110, 109, 124, 125, 103, 102, 117, 118, 123, 122, 137, 138, 116, 115, 130, 131, 124, 123, 138, 139, 117, 116, 131, 132, 125, 124, 139, 140, 118, 117, 132, 133, 126, 125, 140, 141, 119, 118, 133, 134, 112, 81, 127, 307, 126, 141, 120, 119, 134, 135, 113, 112, 127, 128, 121, 120, 135, 136, 114, 113, 128, 129, 122, 121, 136, 137, 115, 114, 129, 130, 127, 81, 142, 307, 141, 156, 135, 134, 149, 150, 128, 127, 142, 143, 136, 135, 150, 151, 129, 128, 143, 144, 137, 136, 151, 152, 130, 129, 144, 145, 138, 137, 152, 153, 131, 130, 145, 146, 139, 138, 153, 154, 132, 131, 146, 147, 140, 139, 154, 155, 133, 132, 147, 148, 141, 140, 155, 156, 134, 133, 148, 149, 146, 145, 160, 161, 154, 153, 168, 169, 147, 146, 161, 162, 155, 154, 169, 170, 148, 147, 162, 163, 156, 155, 170, 171, 149, 148, 163, 164, 142, 81, 157, 307, 156, 171, 150, 149, 164, 165, 143, 142, 157, 158, 151, 150, 165, 166, 144, 143, 158, 159, 152, 151, 166, 167, 145, 144, 159, 160, 153, 152, 167, 168, 165, 164, 179, 180, 158, 157, 172, 173, 166, 165, 180, 181, 159, 158, 173, 174, 167, 166, 181, 182, 160, 159, 174, 175, 168, 167, 182, 183, 161, 160, 175, 176, 169, 168, 183, 184, 162, 161, 176, 177, 170, 169, 184, 185, 163, 162, 177, 178, 171, 170, 185, 186, 164, 163, 178, 179, 157, 81, 172, 307, 171, 186, 184, 183, 198, 199, 177, 176, 191, 192, 185, 184, 199, 200, 178, 177, 192, 193, 186, 185, 200, 201, 179, 178, 193, 194, 172, 81, 187, 307, 186, 201, 180, 179, 194, 195, 173, 172, 187, 188, 181, 180, 195, 196, 174, 173, 188, 189, 182, 181, 196, 197, 175, 174, 189, 190, 183, 182, 197, 198, 176, 175, 190, 191, 188, 187, 202, 203, 196, 195, 210, 211, 189, 188, 203, 204, 197, 196, 211, 212, 190, 189, 204, 205, 198, 197, 212, 213, 191, 190, 205, 206, 199, 198, 213, 214, 192, 191, 206, 207, 200, 199, 214, 215, 193, 192, 207, 208, 201, 200, 215, 216, 194, 193, 208, 209, 187, 81, 202, 307, 201, 216, 195, 194, 209, 210, 207, 206, 221, 222, 215, 214, 229, 230, 208, 207, 222, 223, 216, 215, 230, 231, 209, 208, 223, 224, 202, 81, 217, 307, 216, 231, 210, 209, 224, 225, 203, 202, 217, 218, 211, 210, 225, 226, 204, 203, 218, 219, 212, 211, 226, 227, 205, 204, 219, 220, 213, 212, 227, 228, 206, 205, 220, 221, 214, 213, 228, 229, 226, 225, 240, 241, 219, 218, 233, 234, 227, 226, 241, 242, 220, 219, 234, 235, 228, 227, 242, 243, 221, 220, 235, 236, 229, 228, 243, 244, 222, 221, 236, 237, 230, 229, 244, 245, 223, 222, 237, 238, 231, 230, 245, 246, 224, 223, 238, 239, 217, 81, 232, 307, 231, 246, 225, 224, 239, 240, 218, 217, 232, 233, 245, 244, 259, 260, 238, 237, 252, 253, 246, 245, 260, 261, 239, 238, 253, 254, 232, 81, 247, 307, 246, 261, 240, 239, 254, 255, 233, 232, 247, 248, 241, 240, 255, 256, 234, 233, 248, 249, 242, 241, 256, 257, 235, 234, 249, 250, 243, 242, 257, 258, 236, 235, 250, 251, 244, 243, 258, 259, 237, 236, 251, 252, 257, 256, 271, 272, 250, 249, 264, 265, 258, 257, 272, 273, 251, 250, 265, 266, 259, 258, 273, 274, 252, 251, 266, 267, 260, 259, 274, 275, 253, 252, 267, 268, 261, 260, 275, 276, 254, 253, 268, 269, 247, 81, 262, 307, 261, 276, 255, 254, 269, 270, 248, 247, 262, 263, 256, 255, 270, 271, 249, 248, 263, 264, 276, 275, 290, 291, 269, 268, 283, 284, 262, 81, 277, 307, 276, 291, 270, 269, 284, 285, 263, 262, 277, 278, 271, 270, 285, 286, 264, 263, 278, 279, 272, 271, 286, 287, 265, 264, 279, 280, 273, 272, 287, 288, 266, 265, 280, 281, 274, 273, 288, 289, 267, 266, 281, 282, 275, 274, 289, 290, 268, 267, 282, 283, 280, 279, 294, 295, 288, 287, 302, 303, 281, 280, 295, 296, 289, 288, 303, 304, 282, 281, 296, 297, 290, 289, 304, 305, 283, 282, 297, 298, 291, 290, 305, 306, 284, 283, 298, 299, 277, 81, 292, 307, 291, 306, 285, 284, 299, 300, 278, 277, 292, 293, 286, 285, 300, 301, 279, 278, 293, 294, 287, 286, 301, 302, 299, 298, 314, 315, 292, 81, 308, 307, 306, 322, 300, 299, 315, 316, 293, 292, 308, 309, 301, 300, 316, 317, 294, 293, 309, 310, 302, 301, 317, 318, 295, 294, 310, 311, 303, 302, 318, 319, 296, 295, 311, 312, 304, 303, 319, 320, 297, 296, 312, 313, 305, 304, 320, 321, 298, 297, 313, 314, 306, 305, 321, 322, 319, 318, 333, 334, 312, 311, 326, 327, 320, 319, 334, 335, 313, 312, 327, 328, 321, 320, 335, 336, 314, 313, 328, 329, 322, 321, 336, 337, 315, 314, 329, 330, 308, 81, 323, 307, 322, 337, 316, 315, 330, 331, 309, 308, 323, 324, 317, 316, 331, 332, 310, 309, 324, 325, 318, 317, 332, 333, 311, 310, 325, 326, 323, 81, 338, 307, 337, 352, 331, 330, 345, 346, 324, 323, 338, 339, 332, 331, 346, 347, 325, 324, 339, 340, 333, 332, 347, 348, 326, 325, 340, 341, 334, 333, 348, 349, 327, 326, 341, 342, 335, 334, 349, 350, 328, 327, 342, 343, 336, 335, 350, 351, 329, 328, 343, 344, 337, 336, 351, 352, 330, 329, 344, 345, 342, 341, 356, 357, 350, 349, 364, 365, 343, 342, 357, 358, 351, 350, 365, 366, 344, 343, 358, 359, 352, 351, 366, 367, 345, 344, 359, 360, 338, 81, 353, 307, 352, 367, 346, 345, 360, 361, 339, 338, 353, 354, 347, 346, 361, 362, 340, 339, 354, 355, 348, 347, 362, 363, 341, 340, 355, 356, 349, 348, 363, 364, 361, 360, 375, 376, 354, 353, 368, 369, 362, 361, 376, 377, 355, 354, 369, 370, 363, 362, 377, 378, 356, 355, 370, 371, 364, 363, 378, 379, 357, 356, 371, 372, 365, 364, 379, 380, 358, 357, 372, 373, 366, 365, 380, 381, 359, 358, 373, 374, 367, 366, 381, 382, 360, 359, 374, 375, 353, 81, 368, 307, 367, 382, 380, 379, 394, 395, 373, 372, 387, 388, 381, 380, 395, 396, 374, 373, 388, 389, 382, 381, 396, 397, 375, 374, 389, 390, 368, 81, 383, 307, 382, 397, 376, 375, 390, 391, 369, 368, 383, 384, 377, 376, 391, 392, 370, 369, 384, 385, 378, 377, 392, 393, 371, 370, 385, 386, 379, 378, 393, 394, 372, 371, 386, 387, 392, 391, 406, 407, 385, 384, 399, 400, 393, 392, 407, 408, 386, 385, 400, 401, 394, 393, 408, 409, 387, 386, 401, 402, 395, 394, 409, 410, 388, 387, 402, 403, 396, 395, 410, 411, 389, 388, 403, 404, 397, 396, 411, 412, 390, 389, 404, 405, 383, 81, 398, 307, 397, 412, 391, 390, 405, 406, 384, 383, 398, 399, 411, 410, 425, 426, 404, 403, 418, 419, 412, 411, 426, 427, 405, 404, 419, 420, 398, 81, 413, 307, 412, 427, 406, 405, 420, 421, 399, 398, 413, 414, 407, 406, 421, 422, 400, 399, 414, 415, 408, 407, 422, 423, 401, 400, 415, 416, 409, 408, 423, 424, 402, 401, 416, 417, 410, 409, 424, 425, 403, 402, 417, 418, 415, 414, 429, 430, 423, 422, 437, 438, 416, 415, 430, 431, 424, 423, 438, 439, 417, 416, 431, 432, 425, 424, 439, 440, 418, 417, 432, 433, 426, 425, 440, 441, 419, 418, 433, 434, 427, 426, 441, 442, 420, 419, 434, 435, 413, 81, 428, 307, 427, 442, 421, 420, 435, 436, 414, 413, 428, 429, 422, 421, 436, 437, 434, 433, 448, 449, 442, 441, 456, 457, 435, 434, 449, 450, 428, 81, 443, 307, 442, 457, 436, 435, 450, 451, 429, 428, 443, 444, 437, 436, 451, 452, 430, 429, 444, 445, 438, 437, 452, 453, 431, 430, 445, 446, 439, 438, 453, 454, 432, 431, 446, 447, 440, 439, 454, 455, 433, 432, 447, 448, 441, 440, 455, 456, 453, 452, 467, 468, 446, 445, 460, 461, 454, 453, 468, 469, 447, 446, 461, 462, 455, 454, 469, 470, 448, 447, 462, 463, 456, 455, 470, 471, 449, 448, 463, 464, 457, 456, 471, 472, 450, 449, 464, 465, 443, 81, 458, 307, 457, 472, 451, 450, 465, 466, 444, 443, 458, 459, 452, 451, 466, 467, 445, 444, 459, 460, 472, 471, 480, 481, 465, 464, 2, 3, 458, 81, 473, 307, 472, 481, 466, 465, 3, 4, 459, 458, 473, 474, 467, 466, 4, 477, 460, 459, 474, 0, 468, 467, 477, 5, 461, 460, 0, 475, 469, 468, 5, 478, 462, 461, 475, 1, 470, 469, 478, 479, 463, 462, 1, 476, 471, 470, 479, 480, 464, 463, 476, 2]
        normal3f[] normals = [(-0.0000016691004, 0.9810153, 0.19393027), (-0.0000012080403, 0.9247655, 0.38053733), (0.18041237, 0.9069966, 0.38053727), (0.1913864, 0.96216536, 0.19393048), (-2.680287e-7, 0.20096879, -0.9795976), (-6.7291586e-7, 0.38788736, -0.92170686), (0.07567254, 0.38043413, -0.9217069), (0.039207455, 0.19710754, -0.97959757), (-0.000002110481, 1, 0), (-0.0000016691004, 0.9810153, 0.19393027), (0.1913864, 0.96216536, 0.19393048), (0.19509041, 0.9807853, 0), (-9.599514e-7, 0.2009688, 0.9795976), (-9.24411e-8, -3.2329126e-8, 1), (0.039207477, 0.19710751, 0.97959757), (8.7876124e-8, -3.2927822e-8, -1), (-2.680287e-7, 0.20096879, -0.9795976), (0.039207455, 0.19710754, -0.97959757), (-0.0000016691004, 0.9810153, -0.19393027), (-0.000002110481, 1, 0), (0.19509041, 0.9807853, 0), (0.1913864, 0.96216536, -0.19393043), (-6.812825e-7, 0.38788682, 0.92170703), (-9.599514e-7, 0.2009688, 0.9795976), (0.039207477, 0.19710751, 0.97959757), (0.07567293, 0.38043386, 0.921707), (-0.0000012080403, 0.9247655, -0.38053733), (-0.0000016691004, 0.9810153, -0.19393027), (0.1913864, 0.96216536, -0.19393043), (0.1804124, 0.9069966, -0.38053727), (-0.0000011291783, 0.5597751, 0.82864463), (-6.812825e-7, 0.38788682, 0.92170703), (0.07567293, 0.38043386, 0.921707), (0.10920665, 0.54901916, 0.82864463), (-0.0000010586386, 0.8333399, -0.5527608), (-0.0000012080403, 0.9247655, -0.38053733), (0.1804124, 0.9069966, -0.38053727), (0.16257635, 0.8173273, -0.5527612), (-8.5773866e-7, 0.7101414, 0.7040592), (-0.0000011291783, 0.5597751, 0.82864463), (0.10920665, 0.54901916, 0.82864463), (0.13854171, 0.69649625, 0.704059), (-8.541398e-7, 0.710141, -0.7040595), (-0.0000010586386, 0.8333399, -0.5527608), (0.16257635, 0.8173273, -0.5527612), (0.13854134, 0.6964961, -0.70405924), (-0.0000010598403, 0.83334, 0.5527608), (-8.5773866e-7, 0.7101414, 0.7040592), (0.13854171, 0.69649625, 0.704059), (0.16257629, 0.8173275, 0.55276114), (-0.0000010321858, 0.55977476, -0.8286448), (-8.541398e-7, 0.710141, -0.7040595), (0.13854134, 0.6964961, -0.70405924), (0.10920589, 0.54901934, -0.8286446), (-0.0000012080403, 0.9247655, 0.38053733), (-0.0000010598403, 0.83334, 0.5527608), (0.16257629, 0.8173275, 0.55276114), (0.18041237, 0.9069966, 0.38053727), (-6.7291586e-7, 0.38788736, -0.92170686), (-0.0000010321858, 0.55977476, -0.8286448), (0.10920589, 0.54901934, -0.8286446), (0.07567254, 0.38043413, -0.9217069), (0.18041237, 0.9069966, 0.38053727), (0.16257629, 0.8173275, 0.55276114), (0.31890544, 0.7699053, 0.5527613), (0.35389248, 0.854372, 0.38053733), (0.07567254, 0.38043413, -0.9217069), (0.10920589, 0.54901934, -0.8286446), (0.21421666, 0.5171647, -0.82864463), (0.14843795, 0.35836077, -0.921707), (0.1913864, 0.96216536, 0.19393048), (0.18041237, 0.9069966, 0.38053727), (0.35389248, 0.854372, 0.38053733), (0.37541834, 0.90633994, 0.19392999), (0.039207455, 0.19710754, -0.97959757), (0.07567254, 0.38043413, -0.9217069), (0.14843795, 0.35836077, -0.921707), (0.07690694, 0.18567102, -0.9795976), (0.19509041, 0.9807853, 0), (0.1913864, 0.96216536, 0.19393048), (0.37541834, 0.90633994, 0.19392999), (0.38268358, 0.9238795, 0), (0.039207477, 0.19710751, 0.97959757), (-9.24411e-8, -3.2329126e-8, 1), (0.0769073, 0.18567102, 0.9795976), (8.7876124e-8, -3.2927822e-8, -1), (0.039207455, 0.19710754, -0.97959757), (0.07690694, 0.18567102, -0.9795976), (0.1913864, 0.96216536, -0.19393043), (0.19509041, 0.9807853, 0), (0.38268358, 0.9238795, 0), (0.37541834, 0.90633994, -0.19392999), (0.07567293, 0.38043386, 0.921707), (0.039207477, 0.19710751, 0.97959757), (0.0769073, 0.18567102, 0.9795976), (0.14843793, 0.35836077, 0.921707), (0.1804124, 0.9069966, -0.38053727), (0.1913864, 0.96216536, -0.19393043), (0.37541834, 0.90633994, -0.19392999), (0.35389253, 0.85437196, -0.38053742), (0.10920665, 0.54901916, 0.82864463), (0.07567293, 0.38043386, 0.921707), (0.14843793, 0.35836077, 0.921707), (0.21421666, 0.5171647, 0.82864463), (0.16257635, 0.8173273, -0.5527612), (0.1804124, 0.9069966, -0.38053727), (0.35389253, 0.85437196, -0.38053742), (0.31890547, 0.76990527, -0.5527614), (0.13854171, 0.69649625, 0.704059), (0.10920665, 0.54901916, 0.82864463), (0.21421666, 0.5171647, 0.82864463), (0.27175957, 0.65608513, 0.704059), (0.13854134, 0.6964961, -0.70405924), (0.16257635, 0.8173273, -0.5527612), (0.31890547, 0.76990527, -0.5527614), (0.27175957, 0.65608513, -0.704059), (0.16257629, 0.8173275, 0.55276114), (0.13854171, 0.69649625, 0.704059), (0.27175957, 0.65608513, 0.704059), (0.31890544, 0.7699053, 0.5527613), (0.10920589, 0.54901934, -0.8286446), (0.13854134, 0.6964961, -0.70405924), (0.27175957, 0.65608513, -0.704059), (0.21421666, 0.5171647, -0.82864463), (0.35389253, 0.85437196, -0.38053742), (0.37541834, 0.90633994, -0.19392999), (0.545023, 0.8156844, -0.1939299), (0.5137723, 0.76891434, -0.3805376), (0.21421666, 0.5171647, 0.82864463), (0.14843793, 0.35836077, 0.921707), (0.21549882, 0.32251617, 0.921707), (0.31099433, 0.46543574, 0.82864463), (0.31890547, 0.76990527, -0.5527614), (0.35389253, 0.85437196, -0.38053742), (0.5137723, 0.76891434, -0.3805376), (0.4629787, 0.69289654, -0.5527614), (0.27175957, 0.65608513, 0.704059), (0.21421666, 0.5171647, 0.82864463), (0.31099433, 0.46543574, 0.82864463), (0.3945335, 0.5904611, 0.704059), (0.27175957, 0.65608513, -0.704059), (0.31890547, 0.76990527, -0.5527614), (0.4629787, 0.69289654, -0.5527614), (0.39453346, 0.5904611, -0.704059), (0.31890544, 0.7699053, 0.5527613), (0.27175957, 0.65608513, 0.704059), (0.3945335, 0.5904611, 0.704059), (0.46297875, 0.6928965, 0.5527613), (0.21421666, 0.5171647, -0.82864463), (0.27175957, 0.65608513, -0.704059), (0.39453346, 0.5904611, -0.704059), (0.31099433, 0.46543574, -0.82864463), (0.35389248, 0.854372, 0.38053733), (0.31890544, 0.7699053, 0.5527613), (0.46297875, 0.6928965, 0.5527613), (0.5137723, 0.76891434, 0.38053754), (0.14843795, 0.35836077, -0.921707), (0.21421666, 0.5171647, -0.82864463), (0.31099433, 0.46543574, -0.82864463), (0.21549885, 0.32251614, -0.921707), (0.37541834, 0.90633994, 0.19392999), (0.35389248, 0.854372, 0.38053733), (0.5137723, 0.76891434, 0.38053754), (0.545023, 0.8156843, 0.19392991), (0.07690694, 0.18567102, -0.9795976), (0.14843795, 0.35836077, -0.921707), (0.21549885, 0.32251614, -0.921707), (0.111652955, 0.16709949, -0.97959757), (0.38268358, 0.9238795, 0), (0.37541834, 0.90633994, 0.19392999), (0.545023, 0.8156843, 0.19392991), (0.5555705, 0.83146954, 5.0593712e-8), (0.0769073, 0.18567102, 0.9795976), (-9.24411e-8, -3.2329126e-8, 1), (0.11165249, 0.16709955, 0.97959757), (8.7876124e-8, -3.2927822e-8, -1), (0.07690694, 0.18567102, -0.9795976), (0.111652955, 0.16709949, -0.97959757), (0.37541834, 0.90633994, -0.19392999), (0.38268358, 0.9238795, 0), (0.5555705, 0.83146954, 5.0593712e-8), (0.545023, 0.8156844, -0.1939299), (0.14843793, 0.35836077, 0.921707), (0.0769073, 0.18567102, 0.9795976), (0.11165249, 0.16709955, 0.97959757), (0.21549882, 0.32251617, 0.921707), (0.21549885, 0.32251614, -0.921707), (0.31099433, 0.46543574, -0.82864463), (0.39582068, 0.39582065, -0.8286446), (0.27427796, 0.2742775, -0.9217068), (0.545023, 0.8156843, 0.19392991), (0.5137723, 0.76891434, 0.38053754), (0.6539081, 0.65390784, 0.38053733), (0.69368285, 0.69368243, 0.19392994), (0.111652955, 0.16709949, -0.97959757), (0.21549885, 0.32251614, -0.921707), (0.27427796, 0.2742775, -0.9217068), (0.14210695, 0.14210644, -0.97959757), (0.5555705, 0.83146954, 5.0593712e-8), (0.545023, 0.8156843, 0.19392991), (0.69368285, 0.69368243, 0.19392994), (0.70710707, 0.7071066, 5.0593712e-8), (0.11165249, 0.16709955, 0.97959757), (-9.24411e-8, -3.2329126e-8, 1), (0.14210619, 0.14210646, 0.9795976), (8.7876124e-8, -3.2927822e-8, -1), (0.111652955, 0.16709949, -0.97959757), (0.14210695, 0.14210644, -0.97959757), (0.545023, 0.8156844, -0.1939299), (0.5555705, 0.83146954, 5.0593712e-8), (0.70710707, 0.7071066, 5.0593712e-8), (0.69368285, 0.69368243, -0.1939299), (0.21549882, 0.32251617, 0.921707), (0.11165249, 0.16709955, 0.97959757), (0.14210619, 0.14210646, 0.9795976), (0.27427775, 0.27427748, 0.9217069), (0.5137723, 0.76891434, -0.3805376), (0.545023, 0.8156844, -0.1939299), (0.69368285, 0.69368243, -0.1939299), (0.6539081, 0.6539079, -0.38053742), (0.31099433, 0.46543574, 0.82864463), (0.21549882, 0.32251617, 0.921707), (0.27427775, 0.27427748, 0.9217069), (0.39582074, 0.3958206, 0.82864463), (0.4629787, 0.69289654, -0.5527614), (0.5137723, 0.76891434, -0.3805376), (0.6539081, 0.6539079, -0.38053742), (0.5892601, 0.5892601, -0.5527613), (0.3945335, 0.5904611, 0.704059), (0.31099433, 0.46543574, 0.82864463), (0.39582074, 0.3958206, 0.82864463), (0.5021457, 0.5021459, 0.704059), (0.39453346, 0.5904611, -0.704059), (0.4629787, 0.69289654, -0.5527614), (0.5892601, 0.5892601, -0.5527613), (0.50214565, 0.50214595, -0.704059), (0.46297875, 0.6928965, 0.5527613), (0.3945335, 0.5904611, 0.704059), (0.5021457, 0.5021459, 0.704059), (0.5892602, 0.58926016, 0.55276126), (0.31099433, 0.46543574, -0.82864463), (0.39453346, 0.5904611, -0.704059), (0.50214565, 0.50214595, -0.704059), (0.39582068, 0.39582065, -0.8286446), (0.5137723, 0.76891434, 0.38053754), (0.46297875, 0.6928965, 0.5527613), (0.5892602, 0.58926016, 0.55276126), (0.6539081, 0.65390784, 0.38053733), (0.39582074, 0.3958206, 0.82864463), (0.27427775, 0.27427748, 0.9217069), (0.32251602, 0.21549846, 0.921707), (0.46543586, 0.31099436, 0.82864463), (0.5892601, 0.5892601, -0.5527613), (0.6539081, 0.6539079, -0.38053742), (0.7689146, 0.51377225, -0.3805374), (0.69289654, 0.4629787, -0.5527613), (0.5021457, 0.5021459, 0.704059), (0.39582074, 0.3958206, 0.82864463), (0.46543586, 0.31099436, 0.82864463), (0.590461, 0.3945335, 0.704059), (0.50214565, 0.50214595, -0.704059), (0.5892601, 0.5892601, -0.5527613), (0.69289654, 0.4629787, -0.5527613), (0.59046096, 0.39453357, -0.7040592), (0.5892602, 0.58926016, 0.55276126), (0.5021457, 0.5021459, 0.704059), (0.590461, 0.3945335, 0.704059), (0.69289666, 0.4629787, 0.5527613), (0.39582068, 0.39582065, -0.8286446), (0.50214565, 0.50214595, -0.704059), (0.59046096, 0.39453357, -0.7040592), (0.4654358, 0.31099436, -0.82864463), (0.6539081, 0.65390784, 0.38053733), (0.5892602, 0.58926016, 0.55276126), (0.69289666, 0.4629787, 0.5527613), (0.7689146, 0.51377225, 0.3805374), (0.27427796, 0.2742775, -0.9217068), (0.39582068, 0.39582065, -0.8286446), (0.4654358, 0.31099436, -0.82864463), (0.32251644, 0.21549848, -0.9217069), (0.69368285, 0.69368243, 0.19392994), (0.6539081, 0.65390784, 0.38053733), (0.7689146, 0.51377225, 0.3805374), (0.8156846, 0.54502267, 0.19392978), (0.14210695, 0.14210644, -0.97959757), (0.27427796, 0.2742775, -0.9217068), (0.32251644, 0.21549848, -0.9217069), (0.16709939, 0.1116523, -0.97959757), (0.70710707, 0.7071066, 5.0593712e-8), (0.69368285, 0.69368243, 0.19392994), (0.8156846, 0.54502267, 0.19392978), (0.83146983, 0.55557, 0), (0.14210619, 0.14210646, 0.9795976), (-9.24411e-8, -3.2329126e-8, 1), (0.16709858, 0.11165232, 0.9795977), (8.7876124e-8, -3.2927822e-8, -1), (0.14210695, 0.14210644, -0.97959757), (0.16709939, 0.1116523, -0.97959757), (0.69368285, 0.69368243, -0.1939299), (0.70710707, 0.7071066, 5.0593712e-8), (0.83146983, 0.55557, 0), (0.8156846, 0.54502267, -0.19392976), (0.27427775, 0.27427748, 0.9217069), (0.14210619, 0.14210646, 0.9795976), (0.16709858, 0.11165232, 0.9795977), (0.32251602, 0.21549846, 0.921707), (0.6539081, 0.6539079, -0.38053742), (0.69368285, 0.69368243, -0.1939299), (0.8156846, 0.54502267, -0.19392976), (0.7689146, 0.51377225, -0.3805374), (0.8156846, 0.54502267, 0.19392978), (0.7689146, 0.51377225, 0.3805374), (0.854372, 0.3538925, 0.38053733), (0.90634006, 0.37541825, 0.19392969), (0.16709939, 0.1116523, -0.97959757), (0.32251644, 0.21549848, -0.9217069), (0.35836104, 0.14843781, -0.9217069), (0.1856713, 0.0769074, -0.97959757), (0.83146983, 0.55557, 0), (0.8156846, 0.54502267, 0.19392978), (0.90634006, 0.37541825, 0.19392969), (0.92387956, 0.38268334, 0), (0.16709858, 0.11165232, 0.9795977), (-9.24411e-8, -3.2329126e-8, 1), (0.18567091, 0.076907404, 0.9795976), (8.7876124e-8, -3.2927822e-8, -1), (0.16709939, 0.1116523, -0.97959757), (0.1856713, 0.0769074, -0.97959757), (0.8156846, 0.54502267, -0.19392976), (0.83146983, 0.55557, 0), (0.92387956, 0.38268334, 0), (0.9063402, 0.37541822, -0.19392969), (0.32251602, 0.21549846, 0.921707), (0.16709858, 0.11165232, 0.9795977), (0.18567091, 0.076907404, 0.9795976), (0.35836086, 0.1484378, 0.92170686), (0.7689146, 0.51377225, -0.3805374), (0.8156846, 0.54502267, -0.19392976), (0.9063402, 0.37541822, -0.19392969), (0.854372, 0.35389248, -0.38053727), (0.46543586, 0.31099436, 0.82864463), (0.32251602, 0.21549846, 0.921707), (0.35836086, 0.1484378, 0.92170686), (0.51716465, 0.21421655, 0.8286446), (0.69289654, 0.4629787, -0.5527613), (0.7689146, 0.51377225, -0.3805374), (0.854372, 0.35389248, -0.38053727), (0.7699054, 0.3189053, -0.5527613), (0.590461, 0.3945335, 0.704059), (0.46543586, 0.31099436, 0.82864463), (0.51716465, 0.21421655, 0.8286446), (0.6560854, 0.27175945, 0.70405895), (0.59046096, 0.39453357, -0.7040592), (0.69289654, 0.4629787, -0.5527613), (0.7699054, 0.3189053, -0.5527613), (0.65608525, 0.27175942, -0.70405895), (0.69289666, 0.4629787, 0.5527613), (0.590461, 0.3945335, 0.704059), (0.6560854, 0.27175945, 0.70405895), (0.7699055, 0.3189053, 0.5527613), (0.4654358, 0.31099436, -0.82864463), (0.59046096, 0.39453357, -0.7040592), (0.65608525, 0.27175942, -0.70405895), (0.51716465, 0.21421659, -0.82864463), (0.7689146, 0.51377225, 0.3805374), (0.69289666, 0.4629787, 0.5527613), (0.7699055, 0.3189053, 0.5527613), (0.854372, 0.3538925, 0.38053733), (0.32251644, 0.21549848, -0.9217069), (0.4654358, 0.31099436, -0.82864463), (0.51716465, 0.21421659, -0.82864463), (0.35836104, 0.14843781, -0.9217069), (0.7699054, 0.3189053, -0.5527613), (0.854372, 0.35389248, -0.38053727), (0.9069965, 0.18041287, -0.3805373), (0.81732726, 0.16257645, -0.5527613), (0.6560854, 0.27175945, 0.70405895), (0.51716465, 0.21421655, 0.8286446), (0.54901916, 0.10920656, 0.82864463), (0.6964964, 0.13854164, 0.70405895), (0.65608525, 0.27175942, -0.70405895), (0.7699054, 0.3189053, -0.5527613), (0.81732726, 0.16257645, -0.5527613), (0.6964964, 0.13854164, -0.70405895), (0.7699055, 0.3189053, 0.5527613), (0.6560854, 0.27175945, 0.70405895), (0.6964964, 0.13854164, 0.70405895), (0.81732726, 0.16257642, 0.5527613), (0.51716465, 0.21421659, -0.82864463), (0.65608525, 0.27175942, -0.70405895), (0.6964964, 0.13854164, -0.70405895), (0.54901904, 0.10920655, -0.82864463), (0.854372, 0.3538925, 0.38053733), (0.7699055, 0.3189053, 0.5527613), (0.81732726, 0.16257642, 0.5527613), (0.9069965, 0.18041287, 0.3805373), (0.35836104, 0.14843781, -0.9217069), (0.51716465, 0.21421659, -0.82864463), (0.54901904, 0.10920655, -0.82864463), (0.38043383, 0.07567294, -0.92170686), (0.90634006, 0.37541825, 0.19392969), (0.854372, 0.3538925, 0.38053733), (0.9069965, 0.18041287, 0.3805373), (0.9621655, 0.19138654, 0.19392963), (0.1856713, 0.0769074, -0.97959757), (0.35836104, 0.14843781, -0.9217069), (0.38043383, 0.07567294, -0.92170686), (0.19710726, 0.0392071, -0.97959757), (0.92387956, 0.38268334, 0), (0.90634006, 0.37541825, 0.19392969), (0.9621655, 0.19138654, 0.19392963), (0.98078525, 0.1950902, 0), (0.18567091, 0.076907404, 0.9795976), (-9.24411e-8, -3.2329126e-8, 1), (0.19710726, 0.0392071, 0.97959757), (8.7876124e-8, -3.2927822e-8, -1), (0.1856713, 0.0769074, -0.97959757), (0.19710726, 0.0392071, -0.97959757), (0.9063402, 0.37541822, -0.19392969), (0.92387956, 0.38268334, 0), (0.98078525, 0.1950902, 0), (0.9621655, 0.19138654, -0.19392963), (0.35836086, 0.1484378, 0.92170686), (0.18567091, 0.076907404, 0.9795976), (0.19710726, 0.0392071, 0.97959757), (0.38043383, 0.07567294, 0.92170686), (0.854372, 0.35389248, -0.38053727), (0.9063402, 0.37541822, -0.19392969), (0.9621655, 0.19138654, -0.19392963), (0.9069965, 0.18041287, -0.3805373), (0.51716465, 0.21421655, 0.8286446), (0.35836086, 0.1484378, 0.92170686), (0.38043383, 0.07567294, 0.92170686), (0.54901916, 0.10920656, 0.82864463), (0.19710726, 0.0392071, -0.97959757), (0.38043383, 0.07567294, -0.92170686), (0.38788685, -1.7928485e-9, -0.921707), (0.20096892, -8.203439e-9, -0.97959757), (0.98078525, 0.1950902, 0), (0.9621655, 0.19138654, 0.19392963), (0.98101544, -3.1069825e-7, 0.19392952), (1, -4.1438656e-7, 0), (0.19710726, 0.0392071, 0.97959757), (-9.24411e-8, -3.2329126e-8, 1), (0.200969, -7.159365e-9, 0.97959757), (8.7876124e-8, -3.2927822e-8, -1), (0.19710726, 0.0392071, -0.97959757), (0.20096892, -8.203439e-9, -0.97959757), (0.9621655, 0.19138654, -0.19392963), (0.98078525, 0.1950902, 0), (1, -4.1438656e-7, 0), (0.98101544, -3.1069825e-7, -0.19392952), (0.38043383, 0.07567294, 0.92170686), (0.19710726, 0.0392071, 0.97959757), (0.200969, -7.159365e-9, 0.97959757), (0.38788694, -1.1952324e-9, 0.921707), (0.9069965, 0.18041287, -0.3805373), (0.9621655, 0.19138654, -0.19392963), (0.98101544, -3.1069825e-7, -0.19392952), (0.9247656, -6.978723e-8, -0.38053742), (0.54901916, 0.10920656, 0.82864463), (0.38043383, 0.07567294, 0.92170686), (0.38788694, -1.1952324e-9, 0.921707), (0.55977505, -1.736276e-7, 0.82864463), (0.81732726, 0.16257645, -0.5527613), (0.9069965, 0.18041287, -0.3805373), (0.9247656, -6.978723e-8, -0.38053742), (0.83333963, -2.2350366e-7, -0.5527614), (0.6964964, 0.13854164, 0.70405895), (0.54901916, 0.10920656, 0.82864463), (0.55977505, -1.736276e-7, 0.82864463), (0.7101416, -3.2750023e-7, 0.70405895), (0.6964964, 0.13854164, -0.70405895), (0.81732726, 0.16257645, -0.5527613), (0.83333963, -2.2350366e-7, -0.5527614), (0.7101416, -3.2750023e-7, -0.70405895), (0.81732726, 0.16257642, 0.5527613), (0.6964964, 0.13854164, 0.70405895), (0.7101416, -3.2750023e-7, 0.70405895), (0.83333963, -2.2350366e-7, 0.5527614), (0.54901904, 0.10920655, -0.82864463), (0.6964964, 0.13854164, -0.70405895), (0.7101416, -3.2750023e-7, -0.70405895), (0.559775, -1.7362757e-7, -0.8286446), (0.9069965, 0.18041287, 0.3805373), (0.81732726, 0.16257642, 0.5527613), (0.83333963, -2.2350366e-7, 0.5527614), (0.9247656, -6.978723e-8, 0.3805374), (0.38043383, 0.07567294, -0.92170686), (0.54901904, 0.10920655, -0.82864463), (0.559775, -1.7362757e-7, -0.8286446), (0.38788685, -1.7928485e-9, -0.921707), (0.9621655, 0.19138654, 0.19392963), (0.9069965, 0.18041287, 0.3805373), (0.9247656, -6.978723e-8, 0.3805374), (0.98101544, -3.1069825e-7, 0.19392952), (0.7101416, -3.2750023e-7, -0.70405895), (0.83333963, -2.2350366e-7, -0.5527614), (0.81732726, -0.16257665, -0.5527615), (0.69649637, -0.13854188, -0.704059), (0.83333963, -2.2350366e-7, 0.5527614), (0.7101416, -3.2750023e-7, 0.70405895), (0.69649637, -0.13854188, 0.704059), (0.81732726, -0.16257665, 0.5527615), (0.559775, -1.7362757e-7, -0.8286446), (0.7101416, -3.2750023e-7, -0.70405895), (0.69649637, -0.13854188, -0.704059), (0.5490191, -0.109206855, -0.82864463), (0.9247656, -6.978723e-8, 0.3805374), (0.83333963, -2.2350366e-7, 0.5527614), (0.81732726, -0.16257665, 0.5527615), (0.9069965, -0.18041278, 0.38053733), (0.38788685, -1.7928485e-9, -0.921707), (0.559775, -1.7362757e-7, -0.8286446), (0.5490191, -0.109206855, -0.82864463), (0.38043383, -0.07567308, -0.92170686), (0.98101544, -3.1069825e-7, 0.19392952), (0.9247656, -6.978723e-8, 0.3805374), (0.9069965, -0.18041278, 0.38053733), (0.9621655, -0.19138677, 0.19392945), (0.20096892, -8.203439e-9, -0.97959757), (0.38788685, -1.7928485e-9, -0.921707), (0.38043383, -0.07567308, -0.92170686), (0.19710726, -0.03920716, -0.97959757), (1, -4.1438656e-7, 0), (0.98101544, -3.1069825e-7, 0.19392952), (0.9621655, -0.19138677, 0.19392945), (0.9807853, -0.19509068, 4.8184483e-9), (0.200969, -7.159365e-9, 0.97959757), (-9.24411e-8, -3.2329126e-8, 1), (0.19710729, -0.039207157, 0.97959757), (8.7876124e-8, -3.2927822e-8, -1), (0.20096892, -8.203439e-9, -0.97959757), (0.19710726, -0.03920716, -0.97959757), (0.98101544, -3.1069825e-7, -0.19392952), (1, -4.1438656e-7, 0), (0.9807853, -0.19509068, 4.8184483e-9), (0.9621655, -0.19138677, -0.19392943), (0.38788694, -1.1952324e-9, 0.921707), (0.200969, -7.159365e-9, 0.97959757), (0.19710729, -0.039207157, 0.97959757), (0.38043404, -0.07567309, 0.9217069), (0.9247656, -6.978723e-8, -0.38053742), (0.98101544, -3.1069825e-7, -0.19392952), (0.9621655, -0.19138677, -0.19392943), (0.9069965, -0.18041278, -0.38053733), (0.55977505, -1.736276e-7, 0.82864463), (0.38788694, -1.1952324e-9, 0.921707), (0.38043404, -0.07567309, 0.9217069), (0.5490191, -0.10920685, 0.82864463), (0.83333963, -2.2350366e-7, -0.5527614), (0.9247656, -6.978723e-8, -0.38053742), (0.9069965, -0.18041278, -0.38053733), (0.81732726, -0.16257665, -0.5527615), (0.7101416, -3.2750023e-7, 0.70405895), (0.55977505, -1.736276e-7, 0.82864463), (0.5490191, -0.10920685, 0.82864463), (0.69649637, -0.13854188, 0.704059), (0.19710729, -0.039207157, 0.97959757), (-9.24411e-8, -3.2329126e-8, 1), (0.18567084, -0.07690753, 0.9795976), (8.7876124e-8, -3.2927822e-8, -1), (0.19710726, -0.03920716, -0.97959757), (0.18567112, -0.07690752, -0.97959757), (0.9621655, -0.19138677, -0.19392943), (0.9807853, -0.19509068, 4.8184483e-9), (0.9238794, -0.38268375, 7.227672e-9), (0.90634006, -0.3754185, -0.19392936), (0.38043404, -0.07567309, 0.9217069), (0.19710729, -0.039207157, 0.97959757), (0.18567084, -0.07690753, 0.9795976), (0.35836118, -0.14843804, 0.9217068), (0.9069965, -0.18041278, -0.38053733), (0.9621655, -0.19138677, -0.19392943), (0.90634006, -0.3754185, -0.19392936), (0.854372, -0.3538925, -0.3805374), (0.5490191, -0.10920685, 0.82864463), (0.38043404, -0.07567309, 0.9217069), (0.35836118, -0.14843804, 0.9217068), (0.5171646, -0.21421672, 0.8286446), (0.81732726, -0.16257665, -0.5527615), (0.9069965, -0.18041278, -0.38053733), (0.854372, -0.3538925, -0.3805374), (0.7699054, -0.31890538, -0.5527615), (0.69649637, -0.13854188, 0.704059), (0.5490191, -0.10920685, 0.82864463), (0.5171646, -0.21421672, 0.8286446), (0.65608513, -0.27175933, 0.704059), (0.69649637, -0.13854188, -0.704059), (0.81732726, -0.16257665, -0.5527615), (0.7699054, -0.31890538, -0.5527615), (0.65608513, -0.27175933, -0.70405906), (0.81732726, -0.16257665, 0.5527615), (0.69649637, -0.13854188, 0.704059), (0.65608513, -0.27175933, 0.704059), (0.7699054, -0.31890532, 0.5527614), (0.5490191, -0.109206855, -0.82864463), (0.69649637, -0.13854188, -0.704059), (0.65608513, -0.27175933, -0.70405906), (0.51716465, -0.21421674, -0.8286446), (0.9069965, -0.18041278, 0.38053733), (0.81732726, -0.16257665, 0.5527615), (0.7699054, -0.31890532, 0.5527614), (0.85437196, -0.3538925, 0.38053733), (0.38043383, -0.07567308, -0.92170686), (0.5490191, -0.109206855, -0.82864463), (0.51716465, -0.21421674, -0.8286446), (0.35836104, -0.14843804, -0.9217068), (0.9621655, -0.19138677, 0.19392945), (0.9069965, -0.18041278, 0.38053733), (0.85437196, -0.3538925, 0.38053733), (0.90634, -0.3754185, 0.19392933), (0.19710726, -0.03920716, -0.97959757), (0.38043383, -0.07567308, -0.92170686), (0.35836104, -0.14843804, -0.9217068), (0.18567112, -0.07690752, -0.97959757), (0.9807853, -0.19509068, 4.8184483e-9), (0.9621655, -0.19138677, 0.19392945), (0.90634, -0.3754185, 0.19392933), (0.9238794, -0.38268375, 7.227672e-9), (0.7699054, -0.31890532, 0.5527614), (0.65608513, -0.27175933, 0.704059), (0.590461, -0.39453354, 0.70405895), (0.6928965, -0.46297884, 0.55276126), (0.51716465, -0.21421674, -0.8286446), (0.65608513, -0.27175933, -0.70405906), (0.590461, -0.39453354, -0.70405895), (0.46543586, -0.3109944, -0.8286446), (0.85437196, -0.3538925, 0.38053733), (0.7699054, -0.31890532, 0.5527614), (0.6928965, -0.46297884, 0.55276126), (0.7689144, -0.5137724, 0.38053733), (0.35836104, -0.14843804, -0.9217068), (0.51716465, -0.21421674, -0.8286446), (0.46543586, -0.3109944, -0.8286446), (0.32251632, -0.21549861, -0.921707), (0.90634, -0.3754185, 0.19392933), (0.85437196, -0.3538925, 0.38053733), (0.7689144, -0.5137724, 0.38053733), (0.81568444, -0.5450232, 0.19392928), (0.18567112, -0.07690752, -0.97959757), (0.35836104, -0.14843804, -0.9217068), (0.32251632, -0.21549861, -0.921707), (0.16709922, -0.11165242, -0.9795976), (0.9238794, -0.38268375, 7.227672e-9), (0.90634, -0.3754185, 0.19392933), (0.81568444, -0.5450232, 0.19392928), (0.8314694, -0.5555705, 0), (0.18567084, -0.07690753, 0.9795976), (-9.24411e-8, -3.2329126e-8, 1), (0.16709891, -0.1116524, 0.9795977), (8.7876124e-8, -3.2927822e-8, -1), (0.18567112, -0.07690752, -0.97959757), (0.16709922, -0.11165242, -0.9795976), (0.90634006, -0.3754185, -0.19392936), (0.9238794, -0.38268375, 7.227672e-9), (0.8314694, -0.5555705, 0), (0.81568444, -0.5450232, -0.1939293), (0.35836118, -0.14843804, 0.9217068), (0.18567084, -0.07690753, 0.9795976), (0.16709891, -0.1116524, 0.9795977), (0.3225164, -0.21549858, 0.9217068), (0.854372, -0.3538925, -0.3805374), (0.90634006, -0.3754185, -0.19392936), (0.81568444, -0.5450232, -0.1939293), (0.7689144, -0.5137725, -0.3805374), (0.5171646, -0.21421672, 0.8286446), (0.35836118, -0.14843804, 0.9217068), (0.3225164, -0.21549858, 0.9217068), (0.46543583, -0.31099442, 0.8286446), (0.7699054, -0.31890538, -0.5527615), (0.854372, -0.3538925, -0.3805374), (0.7689144, -0.5137725, -0.3805374), (0.69289654, -0.46297887, -0.55276126), (0.65608513, -0.27175933, 0.704059), (0.5171646, -0.21421672, 0.8286446), (0.46543583, -0.31099442, 0.8286446), (0.590461, -0.39453354, 0.70405895), (0.65608513, -0.27175933, -0.70405906), (0.7699054, -0.31890538, -0.5527615), (0.69289654, -0.46297887, -0.55276126), (0.590461, -0.39453354, -0.70405895), (0.81568444, -0.5450232, -0.1939293), (0.8314694, -0.5555705, 0), (0.70710653, -0.70710707, 4.818448e-8), (0.6936827, -0.6936828, -0.19392931), (0.3225164, -0.21549858, 0.9217068), (0.16709891, -0.1116524, 0.9795977), (0.14210656, -0.14210647, 0.97959757), (0.2742779, -0.27427763, 0.9217068), (0.7689144, -0.5137725, -0.3805374), (0.81568444, -0.5450232, -0.1939293), (0.6936827, -0.6936828, -0.19392931), (0.6539079, -0.6539081, -0.3805374), (0.46543583, -0.31099442, 0.8286446), (0.3225164, -0.21549858, 0.9217068), (0.2742779, -0.27427763, 0.9217068), (0.39582068, -0.39582077, 0.8286446), (0.69289654, -0.46297887, -0.55276126), (0.7689144, -0.5137725, -0.3805374), (0.6539079, -0.6539081, -0.3805374), (0.58926, -0.5892603, -0.5527613), (0.590461, -0.39453354, 0.70405895), (0.46543583, -0.31099442, 0.8286446), (0.39582068, -0.39582077, 0.8286446), (0.5021458, -0.50214595, 0.70405895), (0.590461, -0.39453354, -0.70405895), (0.69289654, -0.46297887, -0.55276126), (0.58926, -0.5892603, -0.5527613), (0.5021458, -0.50214595, -0.70405895), (0.6928965, -0.46297884, 0.55276126), (0.590461, -0.39453354, 0.70405895), (0.5021458, -0.50214595, 0.70405895), (0.58926004, -0.5892603, 0.5527613), (0.46543586, -0.3109944, -0.8286446), (0.590461, -0.39453354, -0.70405895), (0.5021458, -0.50214595, -0.70405895), (0.39582068, -0.39582077, -0.8286446), (0.7689144, -0.5137724, 0.38053733), (0.6928965, -0.46297884, 0.55276126), (0.58926004, -0.5892603, 0.5527613), (0.65390795, -0.65390813, 0.3805374), (0.32251632, -0.21549861, -0.921707), (0.46543586, -0.3109944, -0.8286446), (0.39582068, -0.39582077, -0.8286446), (0.27427772, -0.2742776, -0.9217068), (0.81568444, -0.5450232, 0.19392928), (0.7689144, -0.5137724, 0.38053733), (0.65390795, -0.65390813, 0.3805374), (0.6936827, -0.6936828, 0.19392933), (0.16709922, -0.11165242, -0.9795976), (0.32251632, -0.21549861, -0.921707), (0.27427772, -0.2742776, -0.9217068), (0.142107, -0.14210649, -0.97959757), (0.8314694, -0.5555705, 0), (0.81568444, -0.5450232, 0.19392928), (0.6936827, -0.6936828, 0.19392933), (0.70710653, -0.70710707, 4.818448e-8), (0.16709891, -0.1116524, 0.9795977), (-9.24411e-8, -3.2329126e-8, 1), (0.14210656, -0.14210647, 0.97959757), (8.7876124e-8, -3.2927822e-8, -1), (0.16709922, -0.11165242, -0.9795976), (0.142107, -0.14210649, -0.97959757), (0.39582068, -0.39582077, -0.8286446), (0.5021458, -0.50214595, -0.70405895), (0.39453337, -0.59046113, -0.704059), (0.3109942, -0.46543604, -0.8286446), (0.65390795, -0.65390813, 0.3805374), (0.58926004, -0.5892603, 0.5527613), (0.46297857, -0.69289666, 0.5527614), (0.51377225, -0.7689146, 0.3805374), (0.27427772, -0.2742776, -0.9217068), (0.39582068, -0.39582077, -0.8286446), (0.3109942, -0.46543604, -0.8286446), (0.21549852, -0.32251635, -0.921707), (0.6936827, -0.6936828, 0.19392933), (0.65390795, -0.65390813, 0.3805374), (0.51377225, -0.7689146, 0.3805374), (0.5450228, -0.81568474, 0.1939293), (0.142107, -0.14210649, -0.97959757), (0.27427772, -0.2742776, -0.9217068), (0.21549852, -0.32251635, -0.921707), (0.111652635, -0.16709957, -0.97959757), (0.70710653, -0.70710707, 4.818448e-8), (0.6936827, -0.6936828, 0.19392933), (0.5450228, -0.81568474, 0.1939293), (0.5555698, -0.8314699, 4.818448e-8), (0.14210656, -0.14210647, 0.97959757), (-9.24411e-8, -3.2329126e-8, 1), (0.11165252, -0.16709952, 0.97959757), (8.7876124e-8, -3.2927822e-8, -1), (0.142107, -0.14210649, -0.97959757), (0.111652635, -0.16709957, -0.97959757), (0.6936827, -0.6936828, -0.19392931), (0.70710653, -0.70710707, 4.818448e-8), (0.5555698, -0.8314699, 4.818448e-8), (0.5450227, -0.81568474, -0.1939292), (0.2742779, -0.27427763, 0.9217068), (0.14210656, -0.14210647, 0.97959757), (0.11165252, -0.16709952, 0.97959757), (0.21549882, -0.3225163, 0.9217068), (0.6539079, -0.6539081, -0.3805374), (0.6936827, -0.6936828, -0.19392931), (0.5450227, -0.81568474, -0.1939292), (0.51377225, -0.7689146, -0.3805373), (0.39582068, -0.39582077, 0.8286446), (0.2742779, -0.27427763, 0.9217068), (0.21549882, -0.3225163, 0.9217068), (0.3109942, -0.46543604, 0.8286446), (0.58926, -0.5892603, -0.5527613), (0.6539079, -0.6539081, -0.3805374), (0.51377225, -0.7689146, -0.3805373), (0.4629786, -0.69289654, -0.5527614), (0.5021458, -0.50214595, 0.70405895), (0.39582068, -0.39582077, 0.8286446), (0.3109942, -0.46543604, 0.8286446), (0.39453337, -0.5904612, 0.704059), (0.5021458, -0.50214595, -0.70405895), (0.58926, -0.5892603, -0.5527613), (0.4629786, -0.69289654, -0.5527614), (0.39453337, -0.59046113, -0.704059), (0.58926004, -0.5892603, 0.5527613), (0.5021458, -0.50214595, 0.70405895), (0.39453337, -0.5904612, 0.704059), (0.46297857, -0.69289666, 0.5527614), (0.21549882, -0.3225163, 0.9217068), (0.11165252, -0.16709952, 0.97959757), (0.0769064, -0.1856711, 0.9795976), (0.14843807, -0.358361, 0.9217069), (0.51377225, -0.7689146, -0.3805373), (0.5450227, -0.81568474, -0.1939292), (0.37541807, -0.90634024, -0.19392924), (0.35389236, -0.8543721, -0.38053718), (0.3109942, -0.46543604, 0.8286446), (0.21549882, -0.3225163, 0.9217068), (0.14843807, -0.358361, 0.9217069), (0.21421643, -0.5171647, 0.8286446), (0.4629786, -0.69289654, -0.5527614), (0.51377225, -0.7689146, -0.3805373), (0.35389236, -0.8543721, -0.38053718), (0.31890526, -0.7699056, -0.55276126), (0.39453337, -0.5904612, 0.704059), (0.3109942, -0.46543604, 0.8286446), (0.21421643, -0.5171647, 0.8286446), (0.2717593, -0.6560852, 0.7040588), (0.39453337, -0.59046113, -0.704059), (0.4629786, -0.69289654, -0.5527614), (0.31890526, -0.7699056, -0.55276126), (0.2717593, -0.6560852, -0.7040588), (0.46297857, -0.69289666, 0.5527614), (0.39453337, -0.5904612, 0.704059), (0.2717593, -0.6560852, 0.7040588), (0.31890526, -0.7699056, 0.55276126), (0.3109942, -0.46543604, -0.8286446), (0.39453337, -0.59046113, -0.704059), (0.2717593, -0.6560852, -0.7040588), (0.21421643, -0.51716465, -0.82864463), (0.51377225, -0.7689146, 0.3805374), (0.46297857, -0.69289666, 0.5527614), (0.31890526, -0.7699056, 0.55276126), (0.35389236, -0.85437214, 0.3805372), (0.21549852, -0.32251635, -0.921707), (0.3109942, -0.46543604, -0.8286446), (0.21421643, -0.51716465, -0.82864463), (0.14843772, -0.35836095, -0.92170686), (0.5450228, -0.81568474, 0.1939293), (0.51377225, -0.7689146, 0.3805374), (0.35389236, -0.85437214, 0.3805372), (0.37541807, -0.90634024, 0.1939292), (0.111652635, -0.16709957, -0.97959757), (0.21549852, -0.32251635, -0.921707), (0.14843772, -0.35836095, -0.92170686), (0.07690657, -0.1856711, -0.9795977), (0.5555698, -0.8314699, 4.818448e-8), (0.5450228, -0.81568474, 0.1939293), (0.37541807, -0.90634024, 0.1939292), (0.3826831, -0.92387974, 0), (0.11165252, -0.16709952, 0.97959757), (-9.24411e-8, -3.2329126e-8, 1), (0.0769064, -0.1856711, 0.9795976), (8.7876124e-8, -3.2927822e-8, -1), (0.111652635, -0.16709957, -0.97959757), (0.07690657, -0.1856711, -0.9795977), (0.5450227, -0.81568474, -0.1939292), (0.5555698, -0.8314699, 4.818448e-8), (0.3826831, -0.92387974, 0), (0.37541807, -0.90634024, -0.19392924), (0.35389236, -0.85437214, 0.3805372), (0.31890526, -0.7699056, 0.55276126), (0.16257644, -0.8173274, 0.55276114), (0.18041275, -0.9069966, 0.3805371), (0.14843772, -0.35836095, -0.92170686), (0.21421643, -0.51716465, -0.82864463), (0.109206535, -0.54901904, -0.82864475), (0.07567329, -0.38043398, -0.9217069), (0.37541807, -0.90634024, 0.1939292), (0.35389236, -0.85437214, 0.3805372), (0.18041275, -0.9069966, 0.3805371), (0.19138639, -0.96216565, 0.19392917), (0.07690657, -0.1856711, -0.9795977), (0.14843772, -0.35836095, -0.92170686), (0.07567329, -0.38043398, -0.9217069), (0.039208002, -0.19710739, -0.97959757), (0.3826831, -0.92387974, 0), (0.37541807, -0.90634024, 0.1939292), (0.19138639, -0.96216565, 0.19392917), (0.19508988, -0.9807854, 0), (0.0769064, -0.1856711, 0.9795976), (-9.24411e-8, -3.2329126e-8, 1), (0.039207842, -0.19710736, 0.97959757), (8.7876124e-8, -3.2927822e-8, -1), (0.07690657, -0.1856711, -0.9795977), (0.039208002, -0.19710739, -0.97959757), (0.37541807, -0.90634024, -0.19392924), (0.3826831, -0.92387974, 0), (0.19508988, -0.9807854, 0), (0.19138637, -0.96216565, -0.19392926), (0.14843807, -0.358361, 0.9217069), (0.0769064, -0.1856711, 0.9795976), (0.039207842, -0.19710736, 0.97959757), (0.07567329, -0.38043392, 0.9217069), (0.35389236, -0.8543721, -0.38053718), (0.37541807, -0.90634024, -0.19392924), (0.19138637, -0.96216565, -0.19392926), (0.18041275, -0.90699655, -0.3805372), (0.21421643, -0.5171647, 0.8286446), (0.14843807, -0.358361, 0.9217069), (0.07567329, -0.38043392, 0.9217069), (0.10920653, -0.54901904, 0.82864463), (0.31890526, -0.7699056, -0.55276126), (0.35389236, -0.8543721, -0.38053718), (0.18041275, -0.90699655, -0.3805372), (0.16257644, -0.8173274, -0.55276114), (0.2717593, -0.6560852, 0.7040588), (0.21421643, -0.5171647, 0.8286446), (0.10920653, -0.54901904, 0.82864463), (0.13854167, -0.69649625, 0.70405895), (0.2717593, -0.6560852, -0.7040588), (0.31890526, -0.7699056, -0.55276126), (0.16257644, -0.8173274, -0.55276114), (0.13854167, -0.69649625, -0.70405895), (0.31890526, -0.7699056, 0.55276126), (0.2717593, -0.6560852, 0.7040588), (0.13854167, -0.69649625, 0.70405895), (0.16257644, -0.8173274, 0.55276114), (0.21421643, -0.51716465, -0.82864463), (0.2717593, -0.6560852, -0.7040588), (0.13854167, -0.69649625, -0.70405895), (0.109206535, -0.54901904, -0.82864475), (0.18041275, -0.90699655, -0.3805372), (0.19138637, -0.96216565, -0.19392926), (-2.6975354e-7, -0.9810155, -0.19392914), (-1.1310344e-7, -0.92476577, -0.3805371), (0.10920653, -0.54901904, 0.82864463), (0.07567329, -0.38043392, 0.9217069), (3.5856975e-9, -0.3878871, 0.921707), (-9.6991954e-8, -0.559775, 0.8286446), (0.16257644, -0.8173274, -0.55276114), (0.18041275, -0.90699655, -0.3805372), (-1.1310344e-7, -0.92476577, -0.3805371), (-1.8144652e-7, -0.83333975, -0.5527611), (0.13854167, -0.69649625, 0.70405895), (0.10920653, -0.54901904, 0.82864463), (-9.6991954e-8, -0.559775, 0.8286446), (-1.2476198e-7, -0.7101414, 0.704059), (0.13854167, -0.69649625, -0.70405895), (0.16257644, -0.8173274, -0.55276114), (-1.8144652e-7, -0.83333975, -0.5527611), (-1.2716126e-7, -0.7101415, -0.704059), (0.16257644, -0.8173274, 0.55276114), (0.13854167, -0.69649625, 0.70405895), (-1.2476198e-7, -0.7101414, 0.704059), (-1.8024488e-7, -0.83333975, 0.5527611), (0.109206535, -0.54901904, -0.82864475), (0.13854167, -0.69649625, -0.70405895), (-1.2716126e-7, -0.7101415, -0.704059), (9.818938e-8, -0.559775, -0.8286446), (0.18041275, -0.9069966, 0.3805371), (0.16257644, -0.8173274, 0.55276114), (-1.8024488e-7, -0.83333975, 0.5527611), (-1.1310344e-7, -0.92476577, 0.3805371), (0.07567329, -0.38043398, -0.9217069), (0.109206535, -0.54901904, -0.82864475), (9.818938e-8, -0.559775, -0.8286446), (2.2231323e-7, -0.38788712, -0.921707), (0.19138639, -0.96216565, 0.19392917), (0.18041275, -0.9069966, 0.3805371), (-1.1310344e-7, -0.92476577, 0.3805371), (-2.6975354e-7, -0.9810155, 0.19392914), (0.039208002, -0.19710739, -0.97959757), (0.07567329, -0.38043398, -0.9217069), (2.2231323e-7, -0.38788712, -0.921707), (-2.684762e-8, -0.20096892, -0.97959757), (0.19508988, -0.9807854, 0), (0.19138639, -0.96216565, 0.19392917), (-2.6975354e-7, -0.9810155, 0.19392914), (-4.4811557e-7, -1, 0), (0.039207842, -0.19710736, 0.97959757), (-9.24411e-8, -3.2329126e-8, 1), (1.1932275e-9, -0.20096889, 0.97959757), (8.7876124e-8, -3.2927822e-8, -1), (0.039208002, -0.19710739, -0.97959757), (-2.684762e-8, -0.20096892, -0.97959757), (0.19138637, -0.96216565, -0.19392926), (0.19508988, -0.9807854, 0), (-4.4811557e-7, -1, 0), (-2.6975354e-7, -0.9810155, -0.19392914), (0.07567329, -0.38043392, 0.9217069), (0.039207842, -0.19710736, 0.97959757), (1.1932275e-9, -0.20096889, 0.97959757), (3.5856975e-9, -0.3878871, 0.921707), (2.2231323e-7, -0.38788712, -0.921707), (9.818938e-8, -0.559775, -0.8286446), (-0.109206684, -0.54901916, -0.8286446), (-0.075673304, -0.38043392, -0.9217069), (-2.6975354e-7, -0.9810155, 0.19392914), (-1.1310344e-7, -0.92476577, 0.3805371), (-0.18041295, -0.90699655, 0.38053715), (-0.19138691, -0.9621656, 0.19392906), (-2.684762e-8, -0.20096892, -0.97959757), (2.2231323e-7, -0.38788712, -0.921707), (-0.075673304, -0.38043392, -0.9217069), (-0.03920808, -0.1971073, -0.97959757), (-4.4811557e-7, -1, 0), (-2.6975354e-7, -0.9810155, 0.19392914), (-0.19138691, -0.9621656, 0.19392906), (-0.19509074, -0.9807852, 0), (1.1932275e-9, -0.20096889, 0.97959757), (-9.24411e-8, -3.2329126e-8, 1), (-0.03920877, -0.1971073, 0.97959757), (8.7876124e-8, -3.2927822e-8, -1), (-2.684762e-8, -0.20096892, -0.97959757), (-0.03920808, -0.1971073, -0.97959757), (-2.6975354e-7, -0.9810155, -0.19392914), (-4.4811557e-7, -1, 0), (-0.19509074, -0.9807852, 0), (-0.19138691, -0.9621655, -0.19392903), (3.5856975e-9, -0.3878871, 0.921707), (1.1932275e-9, -0.20096889, 0.97959757), (-0.03920877, -0.1971073, 0.97959757), (-0.07567352, -0.38043398, 0.9217069), (-1.1310344e-7, -0.92476577, -0.3805371), (-2.6975354e-7, -0.9810155, -0.19392914), (-0.19138691, -0.9621655, -0.19392903), (-0.18041296, -0.90699655, -0.38053712), (-9.6991954e-8, -0.559775, 0.8286446), (3.5856975e-9, -0.3878871, 0.921707), (-0.07567352, -0.38043398, 0.9217069), (-0.10920687, -0.54901904, 0.8286446), (-1.8144652e-7, -0.83333975, -0.5527611), (-1.1310344e-7, -0.92476577, -0.3805371), (-0.18041296, -0.90699655, -0.38053712), (-0.1625767, -0.8173274, -0.5527611), (-1.2476198e-7, -0.7101414, 0.704059), (-9.6991954e-8, -0.559775, 0.8286446), (-0.10920687, -0.54901904, 0.8286446), (-0.13854182, -0.69649625, 0.704059), (-1.2716126e-7, -0.7101415, -0.704059), (-1.8144652e-7, -0.83333975, -0.5527611), (-0.1625767, -0.8173274, -0.5527611), (-0.13854183, -0.69649637, -0.70405895), (-1.8024488e-7, -0.83333975, 0.5527611), (-1.2476198e-7, -0.7101414, 0.704059), (-0.13854182, -0.69649625, 0.704059), (-0.16257669, -0.8173273, 0.5527611), (9.818938e-8, -0.559775, -0.8286446), (-1.2716126e-7, -0.7101415, -0.704059), (-0.13854183, -0.69649637, -0.70405895), (-0.109206684, -0.54901916, -0.8286446), (-1.1310344e-7, -0.92476577, 0.3805371), (-1.8024488e-7, -0.83333975, 0.5527611), (-0.16257669, -0.8173273, 0.5527611), (-0.18041295, -0.90699655, 0.38053715), (-0.1625767, -0.8173274, -0.5527611), (-0.18041296, -0.90699655, -0.38053712), (-0.3538926, -0.8543721, -0.38053727), (-0.3189055, -0.7699055, -0.5527611), (-0.13854182, -0.69649625, 0.704059), (-0.10920687, -0.54901904, 0.8286446), (-0.21421686, -0.5171645, 0.82864463), (-0.27175948, -0.65608513, 0.70405895), (-0.13854183, -0.69649637, -0.70405895), (-0.1625767, -0.8173274, -0.5527611), (-0.3189055, -0.7699055, -0.5527611), (-0.27175948, -0.65608513, -0.70405895), (-0.16257669, -0.8173273, 0.5527611), (-0.13854182, -0.69649625, 0.704059), (-0.27175948, -0.65608513, 0.70405895), (-0.31890556, -0.76990557, 0.552761), (-0.109206684, -0.54901916, -0.8286446), (-0.13854183, -0.69649637, -0.70405895), (-0.27175948, -0.65608513, -0.70405895), (-0.21421683, -0.5171645, -0.82864463), (-0.18041295, -0.90699655, 0.38053715), (-0.16257669, -0.8173273, 0.5527611), (-0.31890556, -0.76990557, 0.552761), (-0.3538926, -0.8543721, 0.38053715), (-0.075673304, -0.38043392, -0.9217069), (-0.109206684, -0.54901916, -0.8286446), (-0.21421683, -0.5171645, -0.82864463), (-0.14843833, -0.35836104, -0.9217068), (-0.19138691, -0.9621656, 0.19392906), (-0.18041295, -0.90699655, 0.38053715), (-0.3538926, -0.8543721, 0.38053715), (-0.3754186, -0.9063401, 0.19392891), (-0.03920808, -0.1971073, -0.97959757), (-0.075673304, -0.38043392, -0.9217069), (-0.14843833, -0.35836104, -0.9217068), (-0.076906994, -0.18567106, -0.9795976), (-0.19509074, -0.9807852, 0), (-0.19138691, -0.9621656, 0.19392906), (-0.3754186, -0.9063401, 0.19392891), (-0.38268378, -0.9238793, 0), (-0.03920877, -0.1971073, 0.97959757), (-9.24411e-8, -3.2329126e-8, 1), (-0.076907344, -0.18567105, 0.97959757), (8.7876124e-8, -3.2927822e-8, -1), (-0.03920808, -0.1971073, -0.97959757), (-0.076906994, -0.18567106, -0.9795976), (-0.19138691, -0.9621655, -0.19392903), (-0.19509074, -0.9807852, 0), (-0.38268378, -0.9238793, 0), (-0.37541863, -0.9063401, -0.19392894), (-0.07567352, -0.38043398, 0.9217069), (-0.03920877, -0.1971073, 0.97959757), (-0.076907344, -0.18567105, 0.97959757), (-0.14843833, -0.358361, 0.9217068), (-0.18041296, -0.90699655, -0.38053712), (-0.19138691, -0.9621655, -0.19392903), (-0.37541863, -0.9063401, -0.19392894), (-0.3538926, -0.8543721, -0.38053727), (-0.10920687, -0.54901904, 0.8286446), (-0.07567352, -0.38043398, 0.9217069), (-0.14843833, -0.358361, 0.9217068), (-0.21421686, -0.5171645, 0.82864463), (-0.076906994, -0.18567106, -0.9795976), (-0.14843833, -0.35836104, -0.9217068), (-0.2154988, -0.3225163, -0.9217068), (-0.11165304, -0.1670995, -0.9795975), (-0.38268378, -0.9238793, 0), (-0.3754186, -0.9063401, 0.19392891), (-0.5450233, -0.81568456, 0.19392887), (-0.55557066, -0.8314693, -5.0593698e-8), (-0.076907344, -0.18567105, 0.97959757), (-9.24411e-8, -3.2329126e-8, 1), (-0.11165258, -0.16709954, 0.97959757), (8.7876124e-8, -3.2927822e-8, -1), (-0.076906994, -0.18567106, -0.9795976), (-0.11165304, -0.1670995, -0.9795975), (-0.37541863, -0.9063401, -0.19392894), (-0.38268378, -0.9238793, 0), (-0.55557066, -0.8314693, -5.0593698e-8), (-0.5450233, -0.8156844, -0.19392894), (-0.14843833, -0.358361, 0.9217068), (-0.076907344, -0.18567105, 0.97959757), (-0.11165258, -0.16709954, 0.97959757), (-0.21549882, -0.32251632, 0.9217068), (-0.3538926, -0.8543721, -0.38053727), (-0.37541863, -0.9063401, -0.19392894), (-0.5450233, -0.8156844, -0.19392894), (-0.51377237, -0.7689144, -0.38053727), (-0.21421686, -0.5171645, 0.82864463), (-0.14843833, -0.358361, 0.9217068), (-0.21549882, -0.32251632, 0.9217068), (-0.31099424, -0.4654358, 0.82864475), (-0.3189055, -0.7699055, -0.5527611), (-0.3538926, -0.8543721, -0.38053727), (-0.51377237, -0.7689144, -0.38053727), (-0.46297887, -0.69289666, -0.5527611), (-0.27175948, -0.65608513, 0.70405895), (-0.21421686, -0.5171645, 0.82864463), (-0.31099424, -0.4654358, 0.82864475), (-0.3945336, -0.59046096, 0.7040588), (-0.27175948, -0.65608513, -0.70405895), (-0.3189055, -0.7699055, -0.5527611), (-0.46297887, -0.69289666, -0.5527611), (-0.3945335, -0.59046096, -0.70405895), (-0.31890556, -0.76990557, 0.552761), (-0.27175948, -0.65608513, 0.70405895), (-0.3945336, -0.59046096, 0.7040588), (-0.46297896, -0.69289666, 0.5527611), (-0.21421683, -0.5171645, -0.82864463), (-0.27175948, -0.65608513, -0.70405895), (-0.3945335, -0.59046096, -0.70405895), (-0.31099424, -0.4654357, -0.82864475), (-0.3538926, -0.8543721, 0.38053715), (-0.31890556, -0.76990557, 0.552761), (-0.46297896, -0.69289666, 0.5527611), (-0.5137723, -0.7689145, 0.38053718), (-0.14843833, -0.35836104, -0.9217068), (-0.21421683, -0.5171645, -0.82864463), (-0.31099424, -0.4654357, -0.82864475), (-0.2154988, -0.3225163, -0.9217068), (-0.3754186, -0.9063401, 0.19392891), (-0.3538926, -0.8543721, 0.38053715), (-0.5137723, -0.7689145, 0.38053718), (-0.5450233, -0.81568456, 0.19392887), (-0.3945336, -0.59046096, 0.7040588), (-0.31099424, -0.4654358, 0.82864475), (-0.39582077, -0.39582053, 0.82864463), (-0.50214595, -0.5021459, 0.7040589), (-0.3945335, -0.59046096, -0.70405895), (-0.46297887, -0.69289666, -0.5527611), (-0.5892603, -0.5892601, -0.55276114), (-0.5021457, -0.50214577, -0.704059), (-0.46297896, -0.69289666, 0.5527611), (-0.3945336, -0.59046096, 0.7040588), (-0.50214595, -0.5021459, 0.7040589), (-0.58926034, -0.58926004, 0.5527612), (-0.31099424, -0.4654357, -0.82864475), (-0.3945335, -0.59046096, -0.70405895), (-0.5021457, -0.50214577, -0.704059), (-0.3958208, -0.3958205, -0.82864463), (-0.5137723, -0.7689145, 0.38053718), (-0.46297896, -0.69289666, 0.5527611), (-0.58926034, -0.58926004, 0.5527612), (-0.6539082, -0.6539079, 0.3805374), (-0.2154988, -0.3225163, -0.9217068), (-0.31099424, -0.4654357, -0.82864475), (-0.3958208, -0.3958205, -0.82864463), (-0.2742781, -0.27427754, -0.92170686), (-0.5450233, -0.81568456, 0.19392887), (-0.5137723, -0.7689145, 0.38053718), (-0.6539082, -0.6539079, 0.3805374), (-0.6936831, -0.6936825, 0.19392878), (-0.11165304, -0.1670995, -0.9795975), (-0.2154988, -0.3225163, -0.9217068), (-0.2742781, -0.27427754, -0.92170686), (-0.14210702, -0.14210638, -0.9795976), (-0.55557066, -0.8314693, -5.0593698e-8), (-0.5450233, -0.81568456, 0.19392887), (-0.6936831, -0.6936825, 0.19392878), (-0.7071072, -0.70710635, -5.0593695e-8), (-0.11165258, -0.16709954, 0.97959757), (-9.24411e-8, -3.2329126e-8, 1), (-0.14210625, -0.14210641, 0.9795976), (8.7876124e-8, -3.2927822e-8, -1), (-0.11165304, -0.1670995, -0.9795975), (-0.14210702, -0.14210638, -0.9795976), (-0.5450233, -0.8156844, -0.19392894), (-0.55557066, -0.8314693, -5.0593698e-8), (-0.7071072, -0.70710635, -5.0593695e-8), (-0.6936831, -0.6936825, -0.19392881), (-0.21549882, -0.32251632, 0.9217068), (-0.11165258, -0.16709954, 0.97959757), (-0.14210625, -0.14210641, 0.9795976), (-0.2742778, -0.2742775, 0.9217069), (-0.51377237, -0.7689144, -0.38053727), (-0.5450233, -0.8156844, -0.19392894), (-0.6936831, -0.6936825, -0.19392881), (-0.65390813, -0.6539079, -0.3805373), (-0.31099424, -0.4654358, 0.82864475), (-0.21549882, -0.32251632, 0.9217068), (-0.2742778, -0.2742775, 0.9217069), (-0.39582077, -0.39582053, 0.82864463), (-0.46297887, -0.69289666, -0.5527611), (-0.51377237, -0.7689144, -0.38053727), (-0.65390813, -0.6539079, -0.3805373), (-0.5892603, -0.5892601, -0.55276114), (-0.7071072, -0.70710635, -5.0593695e-8), (-0.6936831, -0.6936825, 0.19392878), (-0.8156848, -0.54502285, 0.19392866), (-0.83146983, -0.5555699, 0), (-0.14210625, -0.14210641, 0.9795976), (-9.24411e-8, -3.2329126e-8, 1), (-0.16709863, -0.11165232, 0.9795977), (8.7876124e-8, -3.2927822e-8, -1), (-0.14210702, -0.14210638, -0.9795976), (-0.16709943, -0.111652315, -0.9795976), (-0.6936831, -0.6936825, -0.19392881), (-0.7071072, -0.70710635, -5.0593695e-8), (-0.83146983, -0.5555699, 0), (-0.8156848, -0.54502296, -0.19392866), (-0.2742778, -0.2742775, 0.9217069), (-0.14210625, -0.14210641, 0.9795976), (-0.16709863, -0.11165232, 0.9795977), (-0.32251635, -0.21549843, 0.921707), (-0.65390813, -0.6539079, -0.3805373), (-0.6936831, -0.6936825, -0.19392881), (-0.8156848, -0.54502296, -0.19392866), (-0.7689146, -0.51377225, -0.38053733), (-0.39582077, -0.39582053, 0.82864463), (-0.2742778, -0.2742775, 0.9217069), (-0.32251635, -0.21549843, 0.921707), (-0.46543598, -0.31099406, 0.82864463), (-0.5892603, -0.5892601, -0.55276114), (-0.65390813, -0.6539079, -0.3805373), (-0.7689146, -0.51377225, -0.38053733), (-0.6928967, -0.46297866, -0.5527612), (-0.50214595, -0.5021459, 0.7040589), (-0.39582077, -0.39582053, 0.82864463), (-0.46543598, -0.31099406, 0.82864463), (-0.5904611, -0.39453343, 0.70405895), (-0.5021457, -0.50214577, -0.704059), (-0.5892603, -0.5892601, -0.55276114), (-0.6928967, -0.46297866, -0.5527612), (-0.59046096, -0.39453343, -0.704059), (-0.58926034, -0.58926004, 0.5527612), (-0.50214595, -0.5021459, 0.7040589), (-0.5904611, -0.39453343, 0.70405895), (-0.6928968, -0.46297866, 0.55276114), (-0.3958208, -0.3958205, -0.82864463), (-0.5021457, -0.50214577, -0.704059), (-0.59046096, -0.39453343, -0.704059), (-0.4654361, -0.31099406, -0.8286446), (-0.6539082, -0.6539079, 0.3805374), (-0.58926034, -0.58926004, 0.5527612), (-0.6928968, -0.46297866, 0.55276114), (-0.7689146, -0.51377225, 0.3805374), (-0.2742781, -0.27427754, -0.92170686), (-0.3958208, -0.3958205, -0.82864463), (-0.4654361, -0.31099406, -0.8286446), (-0.32251686, -0.21549843, -0.92170686), (-0.6936831, -0.6936825, 0.19392878), (-0.6539082, -0.6539079, 0.3805374), (-0.7689146, -0.51377225, 0.3805374), (-0.8156848, -0.54502285, 0.19392866), (-0.14210702, -0.14210638, -0.9795976), (-0.2742781, -0.27427754, -0.92170686), (-0.32251686, -0.21549843, -0.92170686), (-0.16709943, -0.111652315, -0.9795976), (-0.59046096, -0.39453343, -0.704059), (-0.6928967, -0.46297866, -0.5527612), (-0.76990557, -0.3189052, -0.55276114), (-0.65608513, -0.27175933, -0.70405895), (-0.6928968, -0.46297866, 0.55276114), (-0.5904611, -0.39453343, 0.70405895), (-0.65608525, -0.2717594, 0.704059), (-0.7699056, -0.31890523, 0.55276114), (-0.4654361, -0.31099406, -0.8286446), (-0.59046096, -0.39453343, -0.704059), (-0.65608513, -0.27175933, -0.70405895), (-0.51716477, -0.21421646, -0.8286446), (-0.7689146, -0.51377225, 0.3805374), (-0.6928968, -0.46297866, 0.55276114), (-0.7699056, -0.31890523, 0.55276114), (-0.8543721, -0.3538925, 0.38053727), (-0.32251686, -0.21549843, -0.92170686), (-0.4654361, -0.31099406, -0.8286446), (-0.51716477, -0.21421646, -0.8286446), (-0.35836148, -0.14843786, -0.92170674), (-0.8156848, -0.54502285, 0.19392866), (-0.7689146, -0.51377225, 0.3805374), (-0.8543721, -0.3538925, 0.38053727), (-0.9063404, -0.37541816, 0.19392861), (-0.16709943, -0.111652315, -0.9795976), (-0.32251686, -0.21549843, -0.92170686), (-0.35836148, -0.14843786, -0.92170674), (-0.18567128, -0.0769074, -0.97959757), (-0.83146983, -0.5555699, 0), (-0.8156848, -0.54502285, 0.19392866), (-0.9063404, -0.37541816, 0.19392861), (-0.92387974, -0.38268286, 0), (-0.16709863, -0.11165232, 0.9795977), (-9.24411e-8, -3.2329126e-8, 1), (-0.18567099, -0.076907404, 0.97959757), (8.7876124e-8, -3.2927822e-8, -1), (-0.16709943, -0.111652315, -0.9795976), (-0.18567128, -0.0769074, -0.97959757), (-0.8156848, -0.54502296, -0.19392866), (-0.83146983, -0.5555699, 0), (-0.92387974, -0.38268286, 0), (-0.9063404, -0.37541816, -0.1939286), (-0.32251635, -0.21549843, 0.921707), (-0.16709863, -0.11165232, 0.9795977), (-0.18567099, -0.076907404, 0.97959757), (-0.35836115, -0.14843784, 0.9217068), (-0.7689146, -0.51377225, -0.38053733), (-0.8156848, -0.54502296, -0.19392866), (-0.9063404, -0.37541816, -0.1939286), (-0.85437196, -0.3538925, -0.38053733), (-0.46543598, -0.31099406, 0.82864463), (-0.32251635, -0.21549843, 0.921707), (-0.35836115, -0.14843784, 0.9217068), (-0.5171646, -0.21421646, 0.82864475), (-0.6928967, -0.46297866, -0.5527612), (-0.7689146, -0.51377225, -0.38053733), (-0.85437196, -0.3538925, -0.38053733), (-0.76990557, -0.3189052, -0.55276114), (-0.5904611, -0.39453343, 0.70405895), (-0.46543598, -0.31099406, 0.82864463), (-0.5171646, -0.21421646, 0.82864475), (-0.65608525, -0.2717594, 0.704059), (-0.18567099, -0.076907404, 0.97959757), (-9.24411e-8, -3.2329126e-8, 1), (-0.19710721, -0.03920703, 0.9795976), (8.7876124e-8, -3.2927822e-8, -1), (-0.18567128, -0.0769074, -0.97959757), (-0.1971072, -0.03920703, -0.9795976), (-0.9063404, -0.37541816, -0.1939286), (-0.92387974, -0.38268286, 0), (-0.98078537, -0.19508988, 0), (-0.96216583, -0.19138639, -0.19392854), (-0.35836115, -0.14843784, 0.9217068), (-0.18567099, -0.076907404, 0.97959757), (-0.19710721, -0.03920703, 0.9795976), (-0.38043424, -0.07567299, 0.92170674), (-0.85437196, -0.3538925, -0.38053733), (-0.9063404, -0.37541816, -0.1939286), (-0.96216583, -0.19138639, -0.19392854), (-0.9069965, -0.18041272, -0.3805373), (-0.5171646, -0.21421646, 0.82864475), (-0.35836115, -0.14843784, 0.9217068), (-0.38043424, -0.07567299, 0.92170674), (-0.549019, -0.10920659, 0.82864463), (-0.76990557, -0.3189052, -0.55276114), (-0.85437196, -0.3538925, -0.38053733), (-0.9069965, -0.18041272, -0.3805373), (-0.8173274, -0.16257638, -0.55276114), (-0.65608525, -0.2717594, 0.704059), (-0.5171646, -0.21421646, 0.82864475), (-0.549019, -0.10920659, 0.82864463), (-0.6964963, -0.13854167, 0.70405906), (-0.65608513, -0.27175933, -0.70405895), (-0.76990557, -0.3189052, -0.55276114), (-0.8173274, -0.16257638, -0.55276114), (-0.6964963, -0.13854167, -0.704059), (-0.7699056, -0.31890523, 0.55276114), (-0.65608525, -0.2717594, 0.704059), (-0.6964963, -0.13854167, 0.70405906), (-0.8173274, -0.16257639, 0.5527611), (-0.51716477, -0.21421646, -0.8286446), (-0.65608513, -0.27175933, -0.70405895), (-0.6964963, -0.13854167, -0.704059), (-0.5490191, -0.1092066, -0.82864463), (-0.8543721, -0.3538925, 0.38053727), (-0.7699056, -0.31890523, 0.55276114), (-0.8173274, -0.16257639, 0.5527611), (-0.90699655, -0.18041272, 0.3805373), (-0.35836148, -0.14843786, -0.92170674), (-0.51716477, -0.21421646, -0.8286446), (-0.5490191, -0.1092066, -0.82864463), (-0.38043433, -0.075673014, -0.92170674), (-0.9063404, -0.37541816, 0.19392861), (-0.8543721, -0.3538925, 0.38053727), (-0.90699655, -0.18041272, 0.3805373), (-0.96216583, -0.19138639, 0.19392858), (-0.18567128, -0.0769074, -0.97959757), (-0.35836148, -0.14843786, -0.92170674), (-0.38043433, -0.075673014, -0.92170674), (-0.1971072, -0.03920703, -0.9795976), (-0.92387974, -0.38268286, 0), (-0.9063404, -0.37541816, 0.19392861), (-0.96216583, -0.19138639, 0.19392858), (-0.98078537, -0.19508988, 0), (-0.8173274, -0.16257639, 0.5527611), (-0.6964963, -0.13854167, 0.70405906), (-0.7101415, 1.835441e-7, 0.704059), (-0.83333975, 3.1963427e-7, 0.5527611), (-0.5490191, -0.1092066, -0.82864463), (-0.6964963, -0.13854167, -0.704059), (-0.7101414, 1.8354407e-7, -0.704059), (-0.55977494, 2.3349916e-7, -0.82864463), (-0.90699655, -0.18041272, 0.3805373), (-0.8173274, -0.16257639, 0.5527611), (-0.83333975, 3.1963427e-7, 0.5527611), (-0.9247656, 2.6471014e-7, 0.38053727), (-0.38043433, -0.075673014, -0.92170674), (-0.5490191, -0.1092066, -0.82864463), (-0.55977494, 2.3349916e-7, -0.82864463), (-0.38788745, 4.721168e-8, -0.92170686), (-0.96216583, -0.19138639, 0.19392858), (-0.90699655, -0.18041272, 0.3805373), (-0.9247656, 2.6471014e-7, 0.38053727), (-0.9810157, 2.1435775e-7, 0.19392858), (-0.1971072, -0.03920703, -0.9795976), (-0.38043433, -0.075673014, -0.92170674), (-0.38788745, 4.721168e-8, -0.92170686), (-0.20096874, 8.6509e-9, -0.9795976), (-0.98078537, -0.19508988, 0), (-0.96216583, -0.19138639, 0.19392858), (-0.9810157, 2.1435775e-7, 0.19392858), (-0.99999994, 2.5537767e-7, -2.4092233e-9), (-0.19710721, -0.03920703, 0.9795976), (-9.24411e-8, -3.2329126e-8, 1), (-0.20096873, 6.861059e-9, 0.9795976), (8.7876124e-8, -3.2927822e-8, -1), (-0.1971072, -0.03920703, -0.9795976), (-0.20096874, 8.6509e-9, -0.9795976), (-0.96216583, -0.19138639, -0.19392854), (-0.98078537, -0.19508988, 0), (-0.99999994, 2.5537767e-7, -2.4092233e-9), (-0.9810157, 2.1917478e-7, -0.19392858), (-0.38043424, -0.07567299, 0.92170674), (-0.19710721, -0.03920703, 0.9795976), (-0.20096873, 6.861059e-9, 0.9795976), (-0.38788745, 4.7809298e-8, 0.92170686), (-0.9069965, -0.18041272, -0.3805373), (-0.96216583, -0.19138639, -0.19392854), (-0.9810157, 2.1917478e-7, -0.19392858), (-0.9247656, 2.695231e-7, -0.38053727), (-0.549019, -0.10920659, 0.82864463), (-0.38043424, -0.07567299, 0.92170674), (-0.38788745, 4.7809298e-8, 0.92170686), (-0.55977494, 2.3589402e-7, 0.82864463), (-0.8173274, -0.16257638, -0.55276114), (-0.9069965, -0.18041272, -0.3805373), (-0.9247656, 2.695231e-7, -0.38053727), (-0.8333398, 3.208359e-7, -0.5527611), (-0.6964963, -0.13854167, 0.70405906), (-0.549019, -0.10920659, 0.82864463), (-0.55977494, 2.3589402e-7, 0.82864463), (-0.7101415, 1.835441e-7, 0.704059), (-0.6964963, -0.13854167, -0.704059), (-0.8173274, -0.16257638, -0.55276114), (-0.8333398, 3.208359e-7, -0.5527611), (-0.7101414, 1.8354407e-7, -0.704059), (-0.9810157, 2.1917478e-7, -0.19392858), (-0.99999994, 2.5537767e-7, -2.4092233e-9), (-0.9807852, 0.19509098, 0), (-0.9621656, 0.19138719, -0.19392861), (-0.38788745, 4.7809298e-8, 0.92170686), (-0.20096873, 6.861059e-9, 0.9795976), (-0.1971075, 0.039207138, 0.97959757), (-0.3804344, 0.075673185, 0.92170674), (-0.9247656, 2.695231e-7, -0.38053727), (-0.9810157, 2.1917478e-7, -0.19392858), (-0.9621656, 0.19138719, -0.19392861), (-0.9069965, 0.18041316, -0.38053727), (-0.55977494, 2.3589402e-7, 0.82864463), (-0.38788745, 4.7809298e-8, 0.92170686), (-0.3804344, 0.075673185, 0.92170674), (-0.54901904, 0.109206915, 0.82864463), (-0.8333398, 3.208359e-7, -0.5527611), (-0.9247656, 2.695231e-7, -0.38053727), (-0.9069965, 0.18041316, -0.38053727), (-0.8173273, 0.16257688, -0.5527611), (-0.7101415, 1.835441e-7, 0.704059), (-0.55977494, 2.3589402e-7, 0.82864463), (-0.54901904, 0.109206915, 0.82864463), (-0.6964962, 0.13854197, 0.70405895), (-0.7101414, 1.8354407e-7, -0.704059), (-0.8333398, 3.208359e-7, -0.5527611), (-0.8173273, 0.16257688, -0.5527611), (-0.6964962, 0.13854197, -0.70405895), (-0.83333975, 3.1963427e-7, 0.5527611), (-0.7101415, 1.835441e-7, 0.704059), (-0.6964962, 0.13854197, 0.70405895), (-0.8173273, 0.16257688, 0.5527611), (-0.55977494, 2.3349916e-7, -0.82864463), (-0.7101414, 1.8354407e-7, -0.704059), (-0.6964962, 0.13854197, -0.70405895), (-0.5490189, 0.1092069, -0.82864463), (-0.9247656, 2.6471014e-7, 0.38053727), (-0.83333975, 3.1963427e-7, 0.5527611), (-0.8173273, 0.16257688, 0.5527611), (-0.9069965, 0.18041316, 0.38053727), (-0.38788745, 4.721168e-8, -0.92170686), (-0.55977494, 2.3349916e-7, -0.82864463), (-0.5490189, 0.1092069, -0.82864463), (-0.3804343, 0.075673185, -0.92170674), (-0.9810157, 2.1435775e-7, 0.19392858), (-0.9247656, 2.6471014e-7, 0.38053727), (-0.9069965, 0.18041316, 0.38053727), (-0.96216565, 0.19138719, 0.1939286), (-0.20096874, 8.6509e-9, -0.9795976), (-0.38788745, 4.721168e-8, -0.92170686), (-0.3804343, 0.075673185, -0.92170674), (-0.19710717, 0.039207134, -0.9795976), (-0.99999994, 2.5537767e-7, -2.4092233e-9), (-0.9810157, 2.1435775e-7, 0.19392858), (-0.96216565, 0.19138719, 0.1939286), (-0.9807852, 0.19509098, 0), (-0.20096873, 6.861059e-9, 0.9795976), (-9.24411e-8, -3.2329126e-8, 1), (-0.1971075, 0.039207138, 0.97959757), (8.7876124e-8, -3.2927822e-8, -1), (-0.20096874, 8.6509e-9, -0.9795976), (-0.19710717, 0.039207134, -0.9795976), (-0.5490189, 0.1092069, -0.82864463), (-0.6964962, 0.13854197, -0.70405895), (-0.656085, 0.2717595, -0.704059), (-0.51716447, 0.21421678, -0.82864463), (-0.9069965, 0.18041316, 0.38053727), (-0.8173273, 0.16257688, 0.5527611), (-0.7699055, 0.31890544, 0.5527611), (-0.854372, 0.3538927, 0.38053727), (-0.3804343, 0.075673185, -0.92170674), (-0.5490189, 0.1092069, -0.82864463), (-0.51716447, 0.21421678, -0.82864463), (-0.3583613, 0.14843817, -0.92170686), (-0.96216565, 0.19138719, 0.1939286), (-0.9069965, 0.18041316, 0.38053727), (-0.854372, 0.3538927, 0.38053727), (-0.9063401, 0.37541902, 0.19392854), (-0.19710717, 0.039207134, -0.9795976), (-0.3804343, 0.075673185, -0.92170674), (-0.3583613, 0.14843817, -0.92170686), (-0.18567124, 0.07690752, -0.97959757), (-0.9807852, 0.19509098, 0), (-0.96216565, 0.19138719, 0.1939286), (-0.9063401, 0.37541902, 0.19392854), (-0.9238792, 0.38268414, 0), (-0.1971075, 0.039207138, 0.97959757), (-9.24411e-8, -3.2329126e-8, 1), (-0.18567124, 0.07690752, 0.97959757), (8.7876124e-8, -3.2927822e-8, -1), (-0.19710717, 0.039207134, -0.9795976), (-0.18567124, 0.07690752, -0.97959757), (-0.9621656, 0.19138719, -0.19392861), (-0.9807852, 0.19509098, 0), (-0.9238792, 0.38268414, 0), (-0.9063401, 0.37541902, -0.19392854), (-0.3804344, 0.075673185, 0.92170674), (-0.1971075, 0.039207138, 0.97959757), (-0.18567124, 0.07690752, 0.97959757), (-0.3583614, 0.14843817, 0.92170674), (-0.9069965, 0.18041316, -0.38053727), (-0.9621656, 0.19138719, -0.19392861), (-0.9063401, 0.37541902, -0.19392854), (-0.854372, 0.3538927, -0.38053727), (-0.54901904, 0.109206915, 0.82864463), (-0.3804344, 0.075673185, 0.92170674), (-0.3583614, 0.14843817, 0.92170674), (-0.5171646, 0.21421678, 0.82864463), (-0.8173273, 0.16257688, -0.5527611), (-0.9069965, 0.18041316, -0.38053727), (-0.854372, 0.3538927, -0.38053727), (-0.7699055, 0.31890547, -0.552761), (-0.6964962, 0.13854197, 0.70405895), (-0.54901904, 0.109206915, 0.82864463), (-0.5171646, 0.21421678, 0.82864463), (-0.656085, 0.2717595, 0.704059), (-0.6964962, 0.13854197, -0.70405895), (-0.8173273, 0.16257688, -0.5527611), (-0.7699055, 0.31890547, -0.552761), (-0.656085, 0.2717595, -0.704059), (-0.8173273, 0.16257688, 0.5527611), (-0.6964962, 0.13854197, 0.70405895), (-0.656085, 0.2717595, 0.704059), (-0.7699055, 0.31890544, 0.5527611), (-0.854372, 0.3538927, -0.38053727), (-0.9063401, 0.37541902, -0.19392854), (-0.81568456, 0.54502344, -0.19392852), (-0.7689144, 0.5137724, -0.38053727), (-0.5171646, 0.21421678, 0.82864463), (-0.3583614, 0.14843817, 0.92170674), (-0.32251662, 0.21549873, 0.92170674), (-0.46543583, 0.31099445, 0.82864463), (-0.7699055, 0.31890547, -0.552761), (-0.854372, 0.3538927, -0.38053727), (-0.7689144, 0.5137724, -0.38053727), (-0.69289654, 0.46297896, -0.5527611), (-0.656085, 0.2717595, 0.704059), (-0.5171646, 0.21421678, 0.82864463), (-0.46543583, 0.31099445, 0.82864463), (-0.59046096, 0.3945336, 0.70405906), (-0.656085, 0.2717595, -0.704059), (-0.7699055, 0.31890547, -0.552761), (-0.69289654, 0.46297896, -0.5527611), (-0.590461, 0.39453357, -0.70405906), (-0.7699055, 0.31890544, 0.5527611), (-0.656085, 0.2717595, 0.704059), (-0.59046096, 0.3945336, 0.70405906), (-0.69289666, 0.46297896, 0.5527611), (-0.51716447, 0.21421678, -0.82864463), (-0.656085, 0.2717595, -0.704059), (-0.590461, 0.39453357, -0.70405906), (-0.46543565, 0.31099445, -0.82864475), (-0.854372, 0.3538927, 0.38053727), (-0.7699055, 0.31890544, 0.5527611), (-0.69289666, 0.46297896, 0.5527611), (-0.7689144, 0.5137724, 0.38053727), (-0.3583613, 0.14843817, -0.92170686), (-0.51716447, 0.21421678, -0.82864463), (-0.46543565, 0.31099445, -0.82864475), (-0.32251632, 0.21549878, -0.9217069), (-0.9063401, 0.37541902, 0.19392854), (-0.854372, 0.3538927, 0.38053727), (-0.7689144, 0.5137724, 0.38053727), (-0.81568456, 0.54502344, 0.19392852), (-0.18567124, 0.07690752, -0.97959757), (-0.3583613, 0.14843817, -0.92170686), (-0.32251632, 0.21549878, -0.9217069), (-0.16709918, 0.11165242, -0.9795976), (-0.9238792, 0.38268414, 0), (-0.9063401, 0.37541902, 0.19392854), (-0.81568456, 0.54502344, 0.19392852), (-0.8314693, 0.55557084, 0), (-0.18567124, 0.07690752, 0.97959757), (-9.24411e-8, -3.2329126e-8, 1), (-0.16709872, 0.11165243, 0.97959775), (8.7876124e-8, -3.2927822e-8, -1), (-0.18567124, 0.07690752, -0.97959757), (-0.16709918, 0.11165242, -0.9795976), (-0.9063401, 0.37541902, -0.19392854), (-0.9238792, 0.38268414, 0), (-0.8314693, 0.55557084, 0), (-0.81568456, 0.54502344, -0.19392852), (-0.3583614, 0.14843817, 0.92170674), (-0.18567124, 0.07690752, 0.97959757), (-0.16709872, 0.11165243, 0.97959775), (-0.32251662, 0.21549873, 0.92170674), (-0.32251632, 0.21549878, -0.9217069), (-0.46543565, 0.31099445, -0.82864475), (-0.39582047, 0.39582074, -0.82864475), (-0.2742778, 0.27427787, -0.92170686), (-0.81568456, 0.54502344, 0.19392852), (-0.7689144, 0.5137724, 0.38053727), (-0.653908, 0.6539081, 0.38053727), (-0.69368273, 0.693683, 0.19392858), (-0.16709918, 0.11165242, -0.9795976), (-0.32251632, 0.21549878, -0.9217069), (-0.2742778, 0.27427787, -0.92170686), (-0.14210685, 0.14210656, -0.97959757), (-0.8314693, 0.55557084, 0), (-0.81568456, 0.54502344, 0.19392852), (-0.69368273, 0.693683, 0.19392858), (-0.7071065, 0.7071071, 0), (-0.16709872, 0.11165243, 0.97959775), (-9.24411e-8, -3.2329126e-8, 1), (-0.14210635, 0.14210655, 0.9795976), (8.7876124e-8, -3.2927822e-8, -1), (-0.16709918, 0.11165242, -0.9795976), (-0.14210685, 0.14210656, -0.97959757), (-0.81568456, 0.54502344, -0.19392852), (-0.8314693, 0.55557084, 0), (-0.7071065, 0.7071071, 0), (-0.6936827, 0.693683, -0.19392855), (-0.32251662, 0.21549873, 0.92170674), (-0.16709872, 0.11165243, 0.97959775), (-0.14210635, 0.14210655, 0.9795976), (-0.27427813, 0.27427784, 0.92170674), (-0.7689144, 0.5137724, -0.38053727), (-0.81568456, 0.54502344, -0.19392852), (-0.6936827, 0.693683, -0.19392855), (-0.65390795, 0.65390813, -0.38053733), (-0.46543583, 0.31099445, 0.82864463), (-0.32251662, 0.21549873, 0.92170674), (-0.27427813, 0.27427784, 0.92170674), (-0.39582062, 0.39582074, 0.82864463), (-0.69289654, 0.46297896, -0.5527611), (-0.7689144, 0.5137724, -0.38053727), (-0.65390795, 0.65390813, -0.38053733), (-0.58926, 0.5892604, -0.5527611), (-0.59046096, 0.3945336, 0.70405906), (-0.46543583, 0.31099445, 0.82864463), (-0.39582062, 0.39582074, 0.82864463), (-0.5021457, 0.50214607, 0.704059), (-0.590461, 0.39453357, -0.70405906), (-0.69289654, 0.46297896, -0.5527611), (-0.58926, 0.5892604, -0.5527611), (-0.50214577, 0.502146, -0.7040589), (-0.69289666, 0.46297896, 0.5527611), (-0.59046096, 0.3945336, 0.70405906), (-0.5021457, 0.50214607, 0.704059), (-0.5892601, 0.58926046, 0.552761), (-0.46543565, 0.31099445, -0.82864475), (-0.590461, 0.39453357, -0.70405906), (-0.50214577, 0.502146, -0.7040589), (-0.39582047, 0.39582074, -0.82864475), (-0.7689144, 0.5137724, 0.38053727), (-0.69289666, 0.46297896, 0.5527611), (-0.5892601, 0.58926046, 0.552761), (-0.653908, 0.6539081, 0.38053727), (-0.39582062, 0.39582074, 0.82864463), (-0.27427813, 0.27427784, 0.92170674), (-0.21549886, 0.3225166, 0.92170686), (-0.310994, 0.46543586, 0.82864475), (-0.58926, 0.5892604, -0.5527611), (-0.65390795, 0.65390813, -0.38053733), (-0.51377213, 0.7689146, -0.3805373), (-0.46297866, 0.69289684, -0.5527611), (-0.5021457, 0.50214607, 0.704059), (-0.39582062, 0.39582074, 0.82864463), (-0.310994, 0.46543586, 0.82864475), (-0.39453337, 0.59046113, 0.7040589), (-0.50214577, 0.502146, -0.7040589), (-0.58926, 0.5892604, -0.5527611), (-0.46297866, 0.69289684, -0.5527611), (-0.39453343, 0.5904612, -0.7040589), (-0.5892601, 0.58926046, 0.552761), (-0.5021457, 0.50214607, 0.704059), (-0.39453337, 0.59046113, 0.7040589), (-0.4629787, 0.69289684, 0.55276096), (-0.39582047, 0.39582074, -0.82864475), (-0.50214577, 0.502146, -0.7040589), (-0.39453343, 0.5904612, -0.7040589), (-0.31099397, 0.46543586, -0.82864475), (-0.653908, 0.6539081, 0.38053727), (-0.5892601, 0.58926046, 0.552761), (-0.4629787, 0.69289684, 0.55276096), (-0.5137722, 0.7689146, 0.38053727), (-0.2742778, 0.27427787, -0.92170686), (-0.39582047, 0.39582074, -0.82864475), (-0.31099397, 0.46543586, -0.82864475), (-0.21549878, 0.3225166, -0.92170686), (-0.69368273, 0.693683, 0.19392858), (-0.653908, 0.6539081, 0.38053727), (-0.5137722, 0.7689146, 0.38053727), (-0.54502285, 0.8156849, 0.1939284), (-0.14210685, 0.14210656, -0.97959757), (-0.2742778, 0.27427787, -0.92170686), (-0.21549878, 0.3225166, -0.92170686), (-0.111652836, 0.1670996, -0.97959757), (-0.7071065, 0.7071071, 0), (-0.69368273, 0.693683, 0.19392858), (-0.54502285, 0.8156849, 0.1939284), (-0.5555697, 0.8314699, 0), (-0.14210635, 0.14210655, 0.9795976), (-9.24411e-8, -3.2329126e-8, 1), (-0.1116526, 0.16709958, 0.97959757), (8.7876124e-8, -3.2927822e-8, -1), (-0.14210685, 0.14210656, -0.97959757), (-0.111652836, 0.1670996, -0.97959757), (-0.6936827, 0.693683, -0.19392855), (-0.7071065, 0.7071071, 0), (-0.5555697, 0.8314699, 0), (-0.54502285, 0.8156849, -0.1939284), (-0.27427813, 0.27427784, 0.92170674), (-0.14210635, 0.14210655, 0.9795976), (-0.1116526, 0.16709958, 0.97959757), (-0.21549886, 0.3225166, 0.92170686), (-0.65390795, 0.65390813, -0.38053733), (-0.6936827, 0.693683, -0.19392855), (-0.54502285, 0.8156849, -0.1939284), (-0.51377213, 0.7689146, -0.3805373), (-0.54502285, 0.8156849, 0.1939284), (-0.5137722, 0.7689146, 0.38053727), (-0.35389233, 0.8543721, 0.38053715), (-0.37541804, 0.9063405, 0.19392818), (-0.111652836, 0.1670996, -0.97959757), (-0.21549878, 0.3225166, -0.92170686), (-0.14843784, 0.35836127, -0.92170686), (-0.07690684, 0.18567108, -0.9795976), (-0.5555697, 0.8314699, 0), (-0.54502285, 0.8156849, 0.1939284), (-0.37541804, 0.9063405, 0.19392818), (-0.38268286, 0.92387986, 0), (-0.1116526, 0.16709958, 0.97959757), (-9.24411e-8, -3.2329126e-8, 1), (-0.07690643, 0.18567109, 0.9795977), (8.7876124e-8, -3.2927822e-8, -1), (-0.111652836, 0.1670996, -0.97959757), (-0.07690684, 0.18567108, -0.9795976), (-0.54502285, 0.8156849, -0.1939284), (-0.5555697, 0.8314699, 0), (-0.38268286, 0.92387986, 0), (-0.3754181, 0.9063405, -0.19392818), (-0.21549886, 0.3225166, 0.92170686), (-0.1116526, 0.16709958, 0.97959757), (-0.07690643, 0.18567109, 0.9795977), (-0.14843784, 0.35836133, 0.92170686), (-0.51377213, 0.7689146, -0.3805373), (-0.54502285, 0.8156849, -0.1939284), (-0.3754181, 0.9063405, -0.19392818), (-0.35389233, 0.8543721, -0.3805372), (-0.310994, 0.46543586, 0.82864475), (-0.21549886, 0.3225166, 0.92170686), (-0.14843784, 0.35836133, 0.92170686), (-0.21421616, 0.5171646, 0.8286448), (-0.46297866, 0.69289684, -0.5527611), (-0.51377213, 0.7689146, -0.3805373), (-0.35389233, 0.8543721, -0.3805372), (-0.31890514, 0.7699056, -0.5527611), (-0.39453337, 0.59046113, 0.7040589), (-0.310994, 0.46543586, 0.82864475), (-0.21421616, 0.5171646, 0.8286448), (-0.2717594, 0.6560852, 0.704059), (-0.39453343, 0.5904612, -0.7040589), (-0.46297866, 0.69289684, -0.5527611), (-0.31890514, 0.7699056, -0.5527611), (-0.27175927, 0.65608525, -0.70405906), (-0.4629787, 0.69289684, 0.55276096), (-0.39453337, 0.59046113, 0.7040589), (-0.2717594, 0.6560852, 0.704059), (-0.31890517, 0.7699057, 0.5527611), (-0.31099397, 0.46543586, -0.82864475), (-0.39453343, 0.5904612, -0.7040589), (-0.27175927, 0.65608525, -0.70405906), (-0.214216, 0.5171646, -0.8286448), (-0.5137722, 0.7689146, 0.38053727), (-0.4629787, 0.69289684, 0.55276096), (-0.31890517, 0.7699057, 0.5527611), (-0.35389233, 0.8543721, 0.38053715), (-0.21549878, 0.3225166, -0.92170686), (-0.31099397, 0.46543586, -0.82864475), (-0.214216, 0.5171646, -0.8286448), (-0.14843784, 0.35836127, -0.92170686), (-0.31890514, 0.7699056, -0.5527611), (-0.35389233, 0.8543721, -0.3805372), (-0.18041342, 0.90699637, -0.38053718), (-0.16257706, 0.8173273, -0.55276096), (-0.2717594, 0.6560852, 0.704059), (-0.21421616, 0.5171646, 0.8286448), (-0.10920746, 0.54901886, 0.82864475), (-0.13854247, 0.6964962, 0.7040588), (-0.27175927, 0.65608525, -0.70405906), (-0.31890514, 0.7699056, -0.5527611), (-0.16257706, 0.8173273, -0.55276096), (-0.13854194, 0.69649607, -0.7040591), (-0.31890517, 0.7699057, 0.5527611), (-0.2717594, 0.6560852, 0.704059), (-0.13854247, 0.6964962, 0.7040588), (-0.16257706, 0.8173273, 0.5527609), (-0.214216, 0.5171646, -0.8286448), (-0.27175927, 0.65608525, -0.70405906), (-0.13854194, 0.69649607, -0.7040591), (-0.10920648, 0.549019, -0.82864475), (-0.35389233, 0.8543721, 0.38053715), (-0.31890517, 0.7699057, 0.5527611), (-0.16257706, 0.8173273, 0.5527609), (-0.18041342, 0.90699637, 0.38053715), (-0.14843784, 0.35836127, -0.92170686), (-0.214216, 0.5171646, -0.8286448), (-0.10920648, 0.549019, -0.82864475), (-0.07567308, 0.3804343, -0.92170674), (-0.37541804, 0.9063405, 0.19392818), (-0.35389233, 0.8543721, 0.38053715), (-0.18041342, 0.90699637, 0.38053715), (-0.1913879, 0.9621654, 0.193929), (-0.07690684, 0.18567108, -0.9795976), (-0.14843784, 0.35836127, -0.92170686), (-0.07567308, 0.3804343, -0.92170674), (-0.039207652, 0.19710736, -0.97959757), (-0.38268286, 0.92387986, 0), (-0.37541804, 0.9063405, 0.19392818), (-0.1913879, 0.9621654, 0.193929), (-0.1950922, 0.98078483, 0), (-0.07690643, 0.18567109, 0.9795977), (-9.24411e-8, -3.2329126e-8, 1), (-0.039207485, 0.19710736, 0.9795976), (8.7876124e-8, -3.2927822e-8, -1), (-0.07690684, 0.18567108, -0.9795976), (-0.039207652, 0.19710736, -0.97959757), (-0.3754181, 0.9063405, -0.19392818), (-0.38268286, 0.92387986, 0), (-0.1950922, 0.98078483, 0), (-0.1913879, 0.9621654, -0.193929), (-0.14843784, 0.35836133, 0.92170686), (-0.07690643, 0.18567109, 0.9795977), (-0.039207485, 0.19710736, 0.9795976), (-0.0756735, 0.380434, 0.9217068), (-0.35389233, 0.8543721, -0.3805372), (-0.3754181, 0.9063405, -0.19392818), (-0.1913879, 0.9621654, -0.193929), (-0.18041342, 0.90699637, -0.38053718), (-0.21421616, 0.5171646, 0.8286448), (-0.14843784, 0.35836133, 0.92170686), (-0.0756735, 0.380434, 0.9217068), (-0.10920746, 0.54901886, 0.82864475), (-0.039207652, 0.19710736, -0.97959757), (-0.07567308, 0.3804343, -0.92170674), (-6.7291586e-7, 0.38788736, -0.92170686), (-2.680287e-7, 0.20096879, -0.9795976), (-0.1950922, 0.98078483, 0), (-0.1913879, 0.9621654, 0.193929), (-0.0000016691004, 0.9810153, 0.19393027), (-0.000002110481, 1, 0), (-0.039207485, 0.19710736, 0.9795976), (-9.24411e-8, -3.2329126e-8, 1), (-9.599514e-7, 0.2009688, 0.9795976), (8.7876124e-8, -3.2927822e-8, -1), (-0.039207652, 0.19710736, -0.97959757), (-2.680287e-7, 0.20096879, -0.9795976), (-0.1913879, 0.9621654, -0.193929), (-0.1950922, 0.98078483, 0), (-0.000002110481, 1, 0), (-0.0000016691004, 0.9810153, -0.19393027), (-0.0756735, 0.380434, 0.9217068), (-0.039207485, 0.19710736, 0.9795976), (-9.599514e-7, 0.2009688, 0.9795976), (-6.812825e-7, 0.38788682, 0.92170703), (-0.18041342, 0.90699637, -0.38053718), (-0.1913879, 0.9621654, -0.193929), (-0.0000016691004, 0.9810153, -0.19393027), (-0.0000012080403, 0.9247655, -0.38053733), (-0.10920746, 0.54901886, 0.82864475), (-0.0756735, 0.380434, 0.9217068), (-6.812825e-7, 0.38788682, 0.92170703), (-0.0000011291783, 0.5597751, 0.82864463), (-0.16257706, 0.8173273, -0.55276096), (-0.18041342, 0.90699637, -0.38053718), (-0.0000012080403, 0.9247655, -0.38053733), (-0.0000010586386, 0.8333399, -0.5527608), (-0.13854247, 0.6964962, 0.7040588), (-0.10920746, 0.54901886, 0.82864475), (-0.0000011291783, 0.5597751, 0.82864463), (-8.5773866e-7, 0.7101414, 0.7040592), (-0.13854194, 0.69649607, -0.7040591), (-0.16257706, 0.8173273, -0.55276096), (-0.0000010586386, 0.8333399, -0.5527608), (-8.541398e-7, 0.710141, -0.7040595), (-0.16257706, 0.8173273, 0.5527609), (-0.13854247, 0.6964962, 0.7040588), (-8.5773866e-7, 0.7101414, 0.7040592), (-0.0000010598403, 0.83334, 0.5527608), (-0.10920648, 0.549019, -0.82864475), (-0.13854194, 0.69649607, -0.7040591), (-8.541398e-7, 0.710141, -0.7040595), (-0.0000010321858, 0.55977476, -0.8286448), (-0.18041342, 0.90699637, 0.38053715), (-0.16257706, 0.8173273, 0.5527609), (-0.0000010598403, 0.83334, 0.5527608), (-0.0000012080403, 0.9247655, 0.38053733), (-0.07567308, 0.3804343, -0.92170674), (-0.10920648, 0.549019, -0.82864475), (-0.0000010321858, 0.55977476, -0.8286448), (-6.7291586e-7, 0.38788736, -0.92170686), (-0.1913879, 0.9621654, 0.193929), (-0.18041342, 0.90699637, 0.38053715), (-0.0000012080403, 0.9247655, 0.38053733), (-0.0000016691004, 0.9810153, 0.19393027)] (
            interpolation = "faceVarying"
        )
        point3f[] points = [(0, 0.55557024, 0.8314696), (0, 0.8314696, 0.55557024), (0, 0.98078525, 0.19509032), (0, 1, 0), (0, 0.98078525, -0.19509032), (0, 0.8314696, -0.55557024), (0.038060233, 0.19134171, 0.98078525), (0.07465784, 0.3753303, 0.9238795), (0.10838638, 0.5448951, 0.8314696), (0.13794969, 0.6935199, 0.70710677), (0.16221167, 0.8154931, 0.55557024), (0.18023995, 0.9061274, 0.38268346), (0.19134171, 0.9619397, 0.19509032), (0.19509032, 0.98078525, 0), (0.19134171, 0.9619397, -0.19509032), (0.18023995, 0.9061274, -0.38268346), (0.16221167, 0.8154931, -0.55557024), (0.13794969, 0.6935199, -0.70710677), (0.10838638, 0.5448951, -0.8314696), (0.07465784, 0.3753303, -0.9238795), (0.038060233, 0.19134171, -0.98078525), (0.07465783, 0.18023995, 0.98078525), (0.14644662, 0.3535534, 0.9238795), (0.21260753, 0.5132799, 0.8314696), (0.27059805, 0.65328145, 0.70710677), (0.31818962, 0.7681776, 0.55557024), (0.35355335, 0.85355335, 0.38268346), (0.37533027, 0.9061274, 0.19509032), (0.38268343, 0.92387944, 0), (0.37533027, 0.9061274, -0.19509032), (0.35355335, 0.85355335, -0.38268346), (0.31818962, 0.7681776, -0.55557024), (0.27059805, 0.65328145, -0.70710677), (0.21260753, 0.5132799, -0.8314696), (0.14644662, 0.3535534, -0.9238795), (0.07465783, 0.18023995, -0.98078525), (0.10838637, 0.16221166, 0.98078525), (0.21260753, 0.31818965, 0.9238795), (0.30865827, 0.4619397, 0.8314696), (0.39284748, 0.5879378, 0.70710677), (0.4619397, 0.6913416, 0.55557024), (0.5132799, 0.7681777, 0.38268346), (0.5448951, 0.8154931, 0.19509032), (0.55557024, 0.8314695, 0), (0.5448951, 0.8154931, -0.19509032), (0.5132799, 0.7681777, -0.38268346), (0.4619397, 0.6913416, -0.55557024), (0.39284748, 0.5879378, -0.70710677), (0.30865827, 0.4619397, -0.8314696), (0.21260753, 0.31818965, -0.9238795), (0.10838637, 0.16221166, -0.98078525), (0.13794968, 0.13794966, 0.98078525), (0.27059805, 0.27059802, 0.9238795), (0.39284745, 0.3928474, 0.8314696), (0.5, 0.5, 0.70710677), (0.5879377, 0.58793765, 0.55557024), (0.6532814, 0.65328145, 0.38268346), (0.6935199, 0.69351983, 0.19509032), (0.70710677, 0.7071066, 0), (0.6935199, 0.69351983, -0.19509032), (0.6532814, 0.65328145, -0.38268346), (0.5879377, 0.58793765, -0.55557024), (0.5, 0.5, -0.70710677), (0.39284745, 0.3928474, -0.8314696), (0.27059805, 0.27059802, -0.9238795), (0.13794968, 0.13794966, -0.98078525), (0.16221166, 0.10838635, 0.98078525), (0.31818965, 0.2126075, 0.9238795), (0.46193972, 0.3086582, 0.8314696), (0.5879378, 0.39284748, 0.70710677), (0.69134164, 0.46193963, 0.55557024), (0.7681776, 0.51328, 0.38268346), (0.8154931, 0.544895, 0.19509032), (0.83146954, 0.55557, 0), (0.8154931, 0.544895, -0.19509032), (0.7681776, 0.51328, -0.38268346), (0.69134164, 0.46193963, -0.55557024), (0.5879378, 0.39284748, -0.70710677), (0.46193972, 0.3086582, -0.8314696), (0.31818965, 0.2126075, -0.9238795), (0.16221166, 0.10838635, -0.98078525), (0, 0, 1), (0.18023992, 0.07465781, 0.98078525), (0.35355335, 0.14644659, 0.9238795), (0.5132799, 0.21260746, 0.8314696), (0.65328145, 0.27059805, 0.70710677), (0.7681776, 0.3181895, 0.55557024), (0.8535533, 0.3535534, 0.38268346), (0.90612733, 0.37533015, 0.19509032), (0.9238794, 0.38268322, 0), (0.90612733, 0.37533015, -0.19509032), (0.8535533, 0.3535534, -0.38268346), (0.7681776, 0.3181895, -0.55557024), (0.65328145, 0.27059805, -0.70710677), (0.5132799, 0.21260746, -0.8314696), (0.35355335, 0.14644659, -0.9238795), (0.18023992, 0.07465781, -0.98078525), (0.19134167, 0.038060214, 0.98078525), (0.37533024, 0.07465781, 0.9238795), (0.54489505, 0.108386315, 0.8314696), (0.6935199, 0.1379497, 0.70710677), (0.815493, 0.16221157, 0.55557024), (0.90612733, 0.18023999, 0.38268346), (0.96193963, 0.19134161, 0.19509032), (0.9807851, 0.19509013, 0), (0.96193963, 0.19134161, -0.19509032), (0.90612733, 0.18023999, -0.38268346), (0.815493, 0.16221157, -0.55557024), (0.6935199, 0.1379497, -0.70710677), (0.54489505, 0.108386315, -0.8314696), (0.37533024, 0.07465781, -0.9238795), (0.19134167, 0.038060214, -0.98078525), (0.19509026, -1.1175871e-8, 0.98078525), (0.3826834, -2.2351742e-8, 0.9238795), (0.5555701, -5.2154064e-8, 0.8314696), (0.7071067, 1.4901161e-8, 0.70710677), (0.8314694, -8.940697e-8, 0.55557024), (0.92387944, 4.4703484e-8, 0.38268346), (0.98078513, -8.940697e-8, 0.19509032), (0.9999997, -1.6391277e-7, 0), (0.98078513, -8.940697e-8, -0.19509032), (0.92387944, 4.4703484e-8, -0.38268346), (0.8314694, -8.940697e-8, -0.55557024), (0.7071067, 1.4901161e-8, -0.70710677), (0.5555701, -5.2154064e-8, -0.8314696), (0.3826834, -2.2351742e-8, -0.9238795), (0.19509026, -1.1175871e-8, -0.98078525), (0.19134165, -0.038060233, 0.98078525), (0.37533024, -0.07465785, 0.9238795), (0.544895, -0.108386405, 0.8314696), (0.69351983, -0.13794966, 0.70710677), (0.8154929, -0.16221173, 0.55557024), (0.90612733, -0.1802399, 0.38268346), (0.9619396, -0.19134177, 0.19509032), (0.9807849, -0.19509043, 0), (0.9619396, -0.19134177, -0.19509032), (0.90612733, -0.1802399, -0.38268346), (0.8154929, -0.16221173, -0.55557024), (0.69351983, -0.13794966, -0.70710677), (0.544895, -0.108386405, -0.8314696), (0.37533024, -0.07465785, -0.9238795), (0.19134165, -0.038060233, -0.98078525), (0.18023989, -0.07465782, 0.98078525), (0.35355335, -0.14644662, 0.9238795), (0.5132798, -0.21260753, 0.8314696), (0.6532814, -0.270598, 0.70710677), (0.7681775, -0.31818965, 0.55557024), (0.8535533, -0.3535533, 0.38268346), (0.9061272, -0.3753303, 0.19509032), (0.9238791, -0.38268346, 0), (0.9061272, -0.3753303, -0.19509032), (0.8535533, -0.3535533, -0.38268346), (0.7681775, -0.31818965, -0.55557024), (0.6532814, -0.270598, -0.70710677), (0.5132798, -0.21260753, -0.8314696), (0.35355335, -0.14644662, -0.9238795), (0.18023989, -0.07465782, -0.98078525), (0.1622116, -0.10838634, 0.98078525), (0.3181896, -0.21260752, 0.9238795), (0.46193957, -0.30865824, 0.8314696), (0.5879377, -0.39284742, 0.70710677), (0.69134146, -0.4619397, 0.55557024), (0.7681776, -0.51327986, 0.38268346), (0.8154929, -0.54489505, 0.19509032), (0.8314691, -0.5555702, 0), (0.8154929, -0.54489505, -0.19509032), (0.7681776, -0.51327986, -0.38268346), (0.69134146, -0.4619397, -0.55557024), (0.5879377, -0.39284742, -0.70710677), (0.46193957, -0.30865824, -0.8314696), (0.3181896, -0.21260752, -0.9238795), (0.1622116, -0.10838634, -0.98078525), (0.13794962, -0.13794963, 0.98078525), (0.27059796, -0.27059802, 0.9238795), (0.39284727, -0.39284742, 0.8314696), (0.49999994, -0.49999994, 0.70710677), (0.58793753, -0.58793765, 0.55557024), (0.6532814, -0.65328133, 0.38268346), (0.6935197, -0.69351983, 0.19509032), (0.70710623, -0.70710665, 0), (0.6935197, -0.69351983, -0.19509032), (0.6532814, -0.65328133, -0.38268346), (0.58793753, -0.58793765, -0.55557024), (0.49999994, -0.49999994, -0.70710677), (0.39284727, -0.39284742, -0.8314696), (0.27059796, -0.27059802, -0.9238795), (0.13794962, -0.13794963, -0.98078525), (0.108386315, -0.1622116, 0.98078525), (0.21260744, -0.31818962, 0.9238795), (0.3086581, -0.46193966, 0.8314696), (0.39284742, -0.5879377, 0.70710677), (0.46193954, -0.6913415, 0.55557024), (0.5132799, -0.76817757, 0.38268346), (0.5448949, -0.815493, 0.19509032), (0.5555697, -0.83146936, 0), (0.5448949, -0.815493, -0.19509032), (0.5132799, -0.76817757, -0.38268346), (0.46193954, -0.6913415, -0.55557024), (0.39284742, -0.5879377, -0.70710677), (0.3086581, -0.46193966, -0.8314696), (0.21260744, -0.31818962, -0.9238795), (0.108386315, -0.1622116, -0.98078525), (0.07465778, -0.18023986, 0.98078525), (0.14644653, -0.35355332, 0.9238795), (0.21260735, -0.5132798, 0.8314696), (0.270598, -0.6532814, 0.70710677), (0.31818944, -0.7681775, 0.55557024), (0.35355335, -0.8535532, 0.38268346), (0.37533003, -0.9061272, 0.19509032), (0.38268295, -0.92387915, 0), (0.37533003, -0.9061272, -0.19509032), (0.35355335, -0.8535532, -0.38268346), (0.31818944, -0.7681775, -0.55557024), (0.270598, -0.6532814, -0.70710677), (0.21260735, -0.5132798, -0.8314696), (0.14644653, -0.35355332, -0.9238795), (0.07465778, -0.18023986, -0.98078525), (0.038060203, -0.1913416, 0.98078525), (0.07465776, -0.37533018, 0.9238795), (0.10838623, -0.5448949, 0.8314696), (0.13794966, -0.69351983, 0.70710677), (0.16221152, -0.81549287, 0.55557024), (0.18023995, -0.9061272, 0.38268346), (0.19134152, -0.96193945, 0.19509032), (0.1950899, -0.9807848, 0), (0.19134152, -0.96193945, -0.19509032), (0.18023995, -0.9061272, -0.38268346), (0.16221152, -0.81549287, -0.55557024), (0.13794966, -0.69351983, -0.70710677), (0.10838623, -0.5448949, -0.8314696), (0.07465776, -0.37533018, -0.9238795), (0.038060203, -0.1913416, -0.98078525), (-7.450581e-9, -0.19509019, 0.98078525), (-5.2154064e-8, -0.38268334, 0.9238795), (-9.685755e-8, -0.55556995, 0.8314696), (-1.4901161e-8, -0.70710665, 0.70710677), (-1.0430813e-7, -0.8314693, 0.55557024), (2.9802322e-8, -0.92387927, 0.38268346), (-1.3411045e-7, -0.98078495, 0.19509032), (-3.2782555e-7, -0.99999934, 0), (-1.3411045e-7, -0.98078495, -0.19509032), (2.9802322e-8, -0.92387927, -0.38268346), (-1.0430813e-7, -0.8314693, -0.55557024), (-1.4901161e-8, -0.70710665, -0.70710677), (-9.685755e-8, -0.55556995, -0.8314696), (-5.2154064e-8, -0.38268334, -0.9238795), (-7.450581e-9, -0.19509019, -0.98078525), (-0.038060214, -0.19134158, 0.98078525), (-0.074657865, -0.37533018, 0.9238795), (-0.10838642, -0.5448948, 0.8314696), (-0.13794968, -0.6935198, 0.70710677), (-0.16221172, -0.8154928, 0.55557024), (-0.18023987, -0.90612715, 0.38268346), (-0.19134179, -0.9619394, 0.19509032), (-0.19509052, -0.98078454, 0), (-0.19134179, -0.9619394, -0.19509032), (-0.18023987, -0.90612715, -0.38268346), (-0.16221172, -0.8154928, -0.55557024), (-0.13794968, -0.6935198, -0.70710677), (-0.10838642, -0.5448948, -0.8314696), (-0.074657865, -0.37533018, -0.9238795), (-0.038060214, -0.19134158, -0.98078525), (-0.07465778, -0.18023983, 0.98078525), (-0.14644662, -0.3535533, 0.9238795), (-0.2126075, -0.5132796, 0.8314696), (-0.270598, -0.65328133, 0.70710677), (-0.31818962, -0.7681774, 0.55557024), (-0.35355324, -0.8535531, 0.38268346), (-0.37533027, -0.90612704, 0.19509032), (-0.3826835, -0.9238787, 0), (-0.37533027, -0.90612704, -0.19509032), (-0.35355324, -0.8535531, -0.38268346), (-0.31818962, -0.7681774, -0.55557024), (-0.270598, -0.65328133, -0.70710677), (-0.2126075, -0.5132796, -0.8314696), (-0.14644662, -0.3535533, -0.9238795), (-0.07465778, -0.18023983, -0.98078525), (-0.1083863, -0.16221155, 0.98078525), (-0.2126075, -0.31818953, 0.9238795), (-0.30865818, -0.4619394, 0.8314696), (-0.39284742, -0.58793765, 0.70710677), (-0.46193963, -0.69134134, 0.55557024), (-0.51327974, -0.7681775, 0.38268346), (-0.54489505, -0.81549275, 0.19509032), (-0.5555701, -0.83146876, 0), (-0.54489505, -0.81549275, -0.19509032), (-0.51327974, -0.7681775, -0.38268346), (-0.46193963, -0.69134134, -0.55557024), (-0.39284742, -0.58793765, -0.70710677), (-0.30865818, -0.4619394, -0.8314696), (-0.2126075, -0.31818953, -0.9238795), (-0.1083863, -0.16221155, -0.98078525), (-0.13794959, -0.13794957, 0.98078525), (-0.270598, -0.27059793, 0.9238795), (-0.3928473, -0.39284712, 0.8314696), (-0.4999999, -0.49999988, 0.70710677), (-0.5879376, -0.5879374, 0.55557024), (-0.6532812, -0.6532813, 0.38268346), (-0.6935198, -0.69351953, 0.19509032), (-0.7071065, -0.70710593, 0), (-0.6935198, -0.69351953, -0.19509032), (-0.6532812, -0.6532813, -0.38268346), (-0.5879376, -0.5879374, -0.55557024), (-0.4999999, -0.49999988, -0.70710677), (-0.3928473, -0.39284712, -0.8314696), (-0.270598, -0.27059793, -0.9238795), (-0.13794959, -0.13794957, -0.98078525), (0, 0, -1), (-0.16221155, -0.10838628, 0.98078525), (-0.31818956, -0.21260741, 0.9238795), (-0.4619395, -0.30865794, 0.8314696), (-0.58793765, -0.39284736, 0.70710677), (-0.69134146, -0.46193942, 0.55557024), (-0.76817745, -0.5132798, 0.38268346), (-0.8154929, -0.5448947, 0.19509032), (-0.8314691, -0.5555694, 0), (-0.8154929, -0.5448947, -0.19509032), (-0.76817745, -0.5132798, -0.38268346), (-0.69134146, -0.46193942, -0.55557024), (-0.58793765, -0.39284736, -0.70710677), (-0.4619395, -0.30865794, -0.8314696), (-0.31818956, -0.21260741, -0.9238795), (-0.16221155, -0.10838628, -0.98078525), (-0.18023981, -0.07465775, 0.98078525), (-0.35355327, -0.14644651, 0.9238795), (-0.5132796, -0.21260723, 0.8314696), (-0.65328133, -0.27059796, 0.70710677), (-0.7681774, -0.31818932, 0.55557024), (-0.85355306, -0.35355327, 0.38268346), (-0.90612715, -0.37532988, 0.19509032), (-0.92387885, -0.38268268, 0), (-0.90612715, -0.37532988, -0.19509032), (-0.85355306, -0.35355327, -0.38268346), (-0.7681774, -0.31818932, -0.55557024), (-0.65328133, -0.27059796, -0.70710677), (-0.5132796, -0.21260723, -0.8314696), (-0.35355327, -0.14644651, -0.9238795), (-0.18023981, -0.07465775, -0.98078525), (-0.19134155, -0.03806018, 0.98078525), (-0.37533012, -0.07465775, 0.9238795), (-0.5448947, -0.10838615, 0.8314696), (-0.6935198, -0.13794963, 0.70710677), (-0.81549275, -0.16221143, 0.55557024), (-0.9061271, -0.18023989, 0.38268346), (-0.9619394, -0.19134139, 0.19509032), (-0.9807844, -0.1950897, 0), (-0.9619394, -0.19134139, -0.19509032), (-0.9061271, -0.18023989, -0.38268346), (-0.81549275, -0.16221143, -0.55557024), (-0.6935198, -0.13794963, -0.70710677), (-0.5448947, -0.10838615, -0.8314696), (-0.37533012, -0.07465775, -0.9238795), (-0.19134155, -0.03806018, -0.98078525), (-0.19509014, 1.8626451e-8, 0.98078525), (-0.38268325, 5.2154064e-8, 0.9238795), (-0.55556977, 1.4901161e-7, 0.8314696), (-0.7071066, 2.9802322e-8, 0.70710677), (-0.8314692, 1.6391277e-7, 0.55557024), (-0.92387915, 1.4901161e-8, 0.38268346), (-0.98078483, 2.682209e-7, 0.19509032), (-0.99999905, 4.4703484e-7, 0), (-0.98078483, 2.682209e-7, -0.19509032), (-0.92387915, 1.4901161e-8, -0.38268346), (-0.8314692, 1.6391277e-7, -0.55557024), (-0.7071066, 2.9802322e-8, -0.70710677), (-0.55556977, 1.4901161e-7, -0.8314696), (-0.38268325, 5.2154064e-8, -0.9238795), (-0.19509014, 1.8626451e-8, -0.98078525), (-0.19134153, 0.038060218, 0.98078525), (-0.3753301, 0.07465785, 0.9238795), (-0.54489464, 0.108386435, 0.8314696), (-0.6935197, 0.13794969, 0.70710677), (-0.81549263, 0.16221176, 0.55557024), (-0.90612704, 0.1802399, 0.38268346), (-0.9619392, 0.19134189, 0.19509032), (-0.98078424, 0.19509058, 0), (-0.9619392, 0.19134189, -0.19509032), (-0.90612704, 0.1802399, -0.38268346), (-0.81549263, 0.16221176, -0.55557024), (-0.6935197, 0.13794969, -0.70710677), (-0.54489464, 0.108386435, -0.8314696), (-0.3753301, 0.07465785, -0.9238795), (-0.19134153, 0.038060218, -0.98078525), (-0.18023978, 0.07465778, 0.98078525), (-0.3535532, 0.14644659, 0.9238795), (-0.51327944, 0.21260749, 0.8314696), (-0.6532813, 0.270598, 0.70710677), (-0.7681772, 0.31818962, 0.55557024), (-0.853553, 0.35355324, 0.38268346), (-0.90612686, 0.37533033, 0.19509032), (-0.92387843, 0.3826835, 0), (-0.90612686, 0.37533033, -0.19509032), (-0.853553, 0.35355324, -0.38268346), (-0.7681772, 0.31818962, -0.55557024), (-0.6532813, 0.270598, -0.70710677), (-0.51327944, 0.21260749, -0.8314696), (-0.3535532, 0.14644659, -0.9238795), (-0.18023978, 0.07465778, -0.98078525), (-0.16221151, 0.10838629, 0.98078525), (-0.31818944, 0.21260746, 0.9238795), (-0.46193922, 0.30865815, 0.8314696), (-0.5879376, 0.3928474, 0.70710677), (-0.69134116, 0.46193963, 0.55557024), (-0.7681774, 0.51327974, 0.38268346), (-0.8154926, 0.54489505, 0.19509032), (-0.83146846, 0.55557007, 0), (-0.8154926, 0.54489505, -0.19509032), (-0.7681774, 0.51327974, -0.38268346), (-0.69134116, 0.46193963, -0.55557024), (-0.5879376, 0.3928474, -0.70710677), (-0.46193922, 0.30865815, -0.8314696), (-0.31818944, 0.21260746, -0.9238795), (-0.16221151, 0.10838629, -0.98078525), (-0.13794954, 0.13794957, 0.98078525), (-0.27059788, 0.27059793, 0.9238795), (-0.39284694, 0.39284724, 0.8314696), (-0.49999982, 0.49999988, 0.70710677), (-0.58793724, 0.58793753, 0.55557024), (-0.65328115, 0.65328115, 0.38268346), (-0.69351935, 0.6935197, 0.19509032), (-0.7071057, 0.70710635, 0), (-0.69351935, 0.6935197, -0.19509032), (-0.65328115, 0.65328115, -0.38268346), (-0.58793724, 0.58793753, -0.55557024), (-0.49999982, 0.49999988, -0.70710677), (-0.39284694, 0.39284724, -0.8314696), (-0.27059788, 0.27059793, -0.9238795), (-0.13794954, 0.13794957, -0.98078525), (-0.10838625, 0.16221152, 0.98078525), (-0.21260737, 0.3181895, 0.9238795), (-0.3086578, 0.46193942, 0.8314696), (-0.3928473, 0.58793765, 0.70710677), (-0.46193928, 0.69134134, 0.55557024), (-0.5132797, 0.7681774, 0.38268346), (-0.5448946, 0.8154928, 0.19509032), (-0.55556923, 0.83146894, 0), (-0.5448946, 0.8154928, -0.19509032), (-0.5132797, 0.7681774, -0.38268346), (-0.46193928, 0.69134134, -0.55557024), (-0.3928473, 0.58793765, -0.70710677), (-0.3086578, 0.46193942, -0.8314696), (-0.21260737, 0.3181895, -0.9238795), (-0.10838625, 0.16221152, -0.98078525), (-0.07465774, 0.18023977, 0.98078525), (-0.14644648, 0.35355324, 0.9238795), (-0.2126071, 0.5132795, 0.8314696), (-0.2705979, 0.65328133, 0.70710677), (-0.3181892, 0.7681773, 0.55557024), (-0.35355318, 0.853553, 0.38268346), (-0.3753298, 0.906127, 0.19509032), (-0.38268256, 0.9238786, 0), (-0.3753298, 0.906127, -0.19509032), (-0.35355318, 0.853553, -0.38268346), (-0.3181892, 0.7681773, -0.55557024), (-0.2705979, 0.65328133, -0.70710677), (-0.2126071, 0.5132795, -0.8314696), (-0.14644648, 0.35355324, -0.9238795), (-0.07465774, 0.18023977, -0.98078525), (-0.038060177, 0.1913415, 0.98078525), (-0.07465773, 0.3753301, 0.9238795), (-0.10838604, 0.5448945, 0.8314696), (-0.13794957, 0.6935198, 0.70710677), (-0.16221133, 0.8154926, 0.55557024), (-0.18023981, 0.906127, 0.38268346), (-0.19134133, 0.9619392, 0.19509032), (-0.19508962, 0.9807842, 0), (-0.19134133, 0.9619392, -0.19509032), (-0.18023981, 0.906127, -0.38268346), (-0.16221133, 0.8154926, -0.55557024), (-0.13794957, 0.6935198, -0.70710677), (-0.10838604, 0.5448945, -0.8314696), (-0.07465773, 0.3753301, -0.9238795), (-0.038060177, 0.1913415, -0.98078525), (1.4901161e-8, 0.1950901, 0.98078525), (6.7055225e-8, 0.38268322, 0.9238795), (8.940697e-8, 0.7071066, 0.70710677), (5.9604645e-8, 0.923879, 0.38268346), (5.9604645e-8, 0.923879, -0.38268346), (8.940697e-8, 0.7071066, -0.70710677), (2.1606684e-7, 0.5555695, -0.8314696), (6.7055225e-8, 0.38268322, -0.9238795), (1.4901161e-8, 0.1950901, -0.98078525)]
        texCoord2f[] primvars:UVMap = [(0.75, 0.5625), (0.75, 0.6250001), (0.71875, 0.62500006), (0.71875, 0.5625), (0.75, 0.06249988), (0.74999994, 0.125), (0.71875, 0.12500006), (0.71875, 0.06249994), (0.75, 0.5), (0.75, 0.5625), (0.71875, 0.5625), (0.71875, 0.5), (0.75, 0.9375001), (0.734375, 1), (0.71875, 0.93750006), (0.734375, 0), (0.75, 0.06249988), (0.71875, 0.06249994), (0.75, 0.4375), (0.75, 0.5), (0.71875, 0.5), (0.71875, 0.4375), (0.74999994, 0.87500006), (0.75, 0.9375001), (0.71875, 0.93750006), (0.71875, 0.875), (0.75, 0.37499994), (0.75, 0.4375), (0.71875, 0.4375), (0.71875, 0.375), (0.75, 0.8125), (0.74999994, 0.87500006), (0.71875, 0.875), (0.71875, 0.8125), (0.75, 0.31250006), (0.75, 0.37499994), (0.71875, 0.375), (0.71875, 0.31249994), (0.75, 0.75000006), (0.75, 0.8125), (0.71875, 0.8125), (0.71875, 0.75000006), (0.75, 0.24999994), (0.75, 0.31250006), (0.71875, 0.31249994), (0.71875, 0.25), (0.75, 0.6875), (0.75, 0.75000006), (0.71875, 0.75000006), (0.71875, 0.6875), (0.74999994, 0.18749982), (0.75, 0.24999994), (0.71875, 0.25), (0.71875, 0.1875), (0.75, 0.6250001), (0.75, 0.6875), (0.71875, 0.6875), (0.71875, 0.62500006), (0.74999994, 0.125), (0.74999994, 0.18749982), (0.71875, 0.1875), (0.71875, 0.12500006), (0.71875, 0.62500006), (0.71875, 0.6875), (0.6875, 0.6875), (0.6875, 0.625), (0.71875, 0.12500006), (0.71875, 0.1875), (0.6875, 0.1875), (0.6875, 0.12500006), (0.71875, 0.5625), (0.71875, 0.62500006), (0.6875, 0.625), (0.6875, 0.5625), (0.71875, 0.06249994), (0.71875, 0.12500006), (0.6875, 0.12500006), (0.6875, 0.06249994), (0.71875, 0.5), (0.71875, 0.5625), (0.6875, 0.5625), (0.6875, 0.5), (0.71875, 0.93750006), (0.703125, 1), (0.6875, 0.93750006), (0.703125, 0), (0.71875, 0.06249994), (0.6875, 0.06249994), (0.71875, 0.4375), (0.71875, 0.5), (0.6875, 0.5), (0.6875, 0.4375), (0.71875, 0.875), (0.71875, 0.93750006), (0.6875, 0.93750006), (0.6875, 0.875), (0.71875, 0.375), (0.71875, 0.4375), (0.6875, 0.4375), (0.6875, 0.375), (0.71875, 0.8125), (0.71875, 0.875), (0.6875, 0.875), (0.6875, 0.8125), (0.71875, 0.31249994), (0.71875, 0.375), (0.6875, 0.375), (0.6875, 0.31249994), (0.71875, 0.75000006), (0.71875, 0.8125), (0.6875, 0.8125), (0.6875, 0.75000006), (0.71875, 0.25), (0.71875, 0.31249994), (0.6875, 0.31249994), (0.6875, 0.25), (0.71875, 0.6875), (0.71875, 0.75000006), (0.6875, 0.75000006), (0.6875, 0.6875), (0.71875, 0.1875), (0.71875, 0.25), (0.6875, 0.25), (0.6875, 0.1875), (0.6875, 0.375), (0.6875, 0.4375), (0.65625, 0.4375), (0.65625, 0.375), (0.6875, 0.8125), (0.6875, 0.875), (0.65625, 0.875), (0.65625, 0.8125), (0.6875, 0.31249994), (0.6875, 0.375), (0.65625, 0.375), (0.65625, 0.31249994), (0.6875, 0.75000006), (0.6875, 0.8125), (0.65625, 0.8125), (0.65625, 0.75000006), (0.6875, 0.25), (0.6875, 0.31249994), (0.65625, 0.31249994), (0.65625, 0.25), (0.6875, 0.6875), (0.6875, 0.75000006), (0.65625, 0.75000006), (0.65625, 0.6875), (0.6875, 0.1875), (0.6875, 0.25), (0.65625, 0.25), (0.65625, 0.1875), (0.6875, 0.625), (0.6875, 0.6875), (0.65625, 0.6875), (0.65625, 0.62500006), (0.6875, 0.12500006), (0.6875, 0.1875), (0.65625, 0.1875), (0.65625, 0.12500006), (0.6875, 0.5625), (0.6875, 0.625), (0.65625, 0.62500006), (0.65625, 0.5625), (0.6875, 0.06249994), (0.6875, 0.12500006), (0.65625, 0.12500006), (0.65625, 0.06249994), (0.6875, 0.5), (0.6875, 0.5625), (0.65625, 0.5625), (0.65625, 0.5), (0.6875, 0.93750006), (0.671875, 1), (0.65625, 0.93750006), (0.671875, 0), (0.6875, 0.06249994), (0.65625, 0.06249994), (0.6875, 0.4375), (0.6875, 0.5), (0.65625, 0.5), (0.65625, 0.4375), (0.6875, 0.875), (0.6875, 0.93750006), (0.65625, 0.93750006), (0.65625, 0.875), (0.65625, 0.12500006), (0.65625, 0.1875), (0.625, 0.1875), (0.625, 0.125), (0.65625, 0.5625), (0.65625, 0.62500006), (0.625, 0.62500006), (0.625, 0.5625), (0.65625, 0.06249994), (0.65625, 0.12500006), (0.625, 0.125), (0.625, 0.06249994), (0.65625, 0.5), (0.65625, 0.5625), (0.625, 0.5625), (0.625, 0.5), (0.65625, 0.93750006), (0.640625, 1), (0.625, 0.93750006), (0.640625, 0), (0.65625, 0.06249994), (0.625, 0.06249994), (0.65625, 0.4375), (0.65625, 0.5), (0.625, 0.5), (0.625, 0.4375), (0.65625, 0.875), (0.65625, 0.93750006), (0.625, 0.93750006), (0.625, 0.875), (0.65625, 0.375), (0.65625, 0.4375), (0.625, 0.4375), (0.625, 0.375), (0.65625, 0.8125), (0.65625, 0.875), (0.625, 0.875), (0.625, 0.8125), (0.65625, 0.31249994), (0.65625, 0.375), (0.625, 0.375), (0.625, 0.31249994), (0.65625, 0.75000006), (0.65625, 0.8125), (0.625, 0.8125), (0.625, 0.75), (0.65625, 0.25), (0.65625, 0.31249994), (0.625, 0.31249994), (0.625, 0.25), (0.65625, 0.6875), (0.65625, 0.75000006), (0.625, 0.75), (0.625, 0.68750006), (0.65625, 0.1875), (0.65625, 0.25), (0.625, 0.25), (0.625, 0.1875), (0.65625, 0.62500006), (0.65625, 0.6875), (0.625, 0.68750006), (0.625, 0.62500006), (0.625, 0.8125), (0.625, 0.875), (0.59375, 0.875), (0.59375, 0.8125), (0.625, 0.31249994), (0.625, 0.375), (0.59375, 0.375), (0.59375, 0.31249994), (0.625, 0.75), (0.625, 0.8125), (0.59375, 0.8125), (0.59375, 0.75000006), (0.625, 0.25), (0.625, 0.31249994), (0.59375, 0.31249994), (0.59375, 0.25), (0.625, 0.68750006), (0.625, 0.75), (0.59375, 0.75000006), (0.59375, 0.6875), (0.625, 0.1875), (0.625, 0.25), (0.59375, 0.25), (0.59375, 0.1875), (0.625, 0.62500006), (0.625, 0.68750006), (0.59375, 0.6875), (0.59375, 0.62500006), (0.625, 0.125), (0.625, 0.1875), (0.59375, 0.1875), (0.59375, 0.125), (0.625, 0.5625), (0.625, 0.62500006), (0.59375, 0.62500006), (0.59375, 0.5625), (0.625, 0.06249994), (0.625, 0.125), (0.59375, 0.125), (0.59375, 0.06249994), (0.625, 0.5), (0.625, 0.5625), (0.59375, 0.5625), (0.59375, 0.5), (0.625, 0.93750006), (0.609375, 1), (0.59375, 0.93750006), (0.609375, 0), (0.625, 0.06249994), (0.59375, 0.06249994), (0.625, 0.4375), (0.625, 0.5), (0.59375, 0.5), (0.59375, 0.4375), (0.625, 0.875), (0.625, 0.93750006), (0.59375, 0.93750006), (0.59375, 0.875), (0.625, 0.375), (0.625, 0.4375), (0.59375, 0.4375), (0.59375, 0.375), (0.59375, 0.5625), (0.59375, 0.62500006), (0.5625, 0.62500006), (0.5625, 0.5625), (0.59375, 0.06249994), (0.59375, 0.125), (0.5625, 0.125), (0.5625, 0.06249994), (0.59375, 0.5), (0.59375, 0.5625), (0.5625, 0.5625), (0.5625, 0.5), (0.59375, 0.93750006), (0.578125, 1), (0.5625, 0.93750006), (0.578125, 0), (0.59375, 0.06249994), (0.5625, 0.06249994), (0.59375, 0.4375), (0.59375, 0.5), (0.5625, 0.5), (0.5625, 0.4375), (0.59375, 0.875), (0.59375, 0.93750006), (0.5625, 0.93750006), (0.5625, 0.875), (0.59375, 0.375), (0.59375, 0.4375), (0.5625, 0.4375), (0.5625, 0.375), (0.59375, 0.8125), (0.59375, 0.875), (0.5625, 0.875), (0.5625, 0.8125), (0.59375, 0.31249994), (0.59375, 0.375), (0.5625, 0.375), (0.5625, 0.31249994), (0.59375, 0.75000006), (0.59375, 0.8125), (0.5625, 0.8125), (0.5625, 0.75000006), (0.59375, 0.25), (0.59375, 0.31249994), (0.5625, 0.31249994), (0.5625, 0.25), (0.59375, 0.6875), (0.59375, 0.75000006), (0.5625, 0.75000006), (0.5625, 0.6875), (0.59375, 0.1875), (0.59375, 0.25), (0.5625, 0.25), (0.5625, 0.1875), (0.59375, 0.62500006), (0.59375, 0.6875), (0.5625, 0.6875), (0.5625, 0.62500006), (0.59375, 0.125), (0.59375, 0.1875), (0.5625, 0.1875), (0.5625, 0.125), (0.5625, 0.31249994), (0.5625, 0.375), (0.53125, 0.375), (0.53125, 0.31249994), (0.5625, 0.75000006), (0.5625, 0.8125), (0.53125, 0.8125), (0.53125, 0.75000006), (0.5625, 0.25), (0.5625, 0.31249994), (0.53125, 0.31249994), (0.53125, 0.25), (0.5625, 0.6875), (0.5625, 0.75000006), (0.53125, 0.75000006), (0.53125, 0.68750006), (0.5625, 0.1875), (0.5625, 0.25), (0.53125, 0.25), (0.53125, 0.1875), (0.5625, 0.62500006), (0.5625, 0.6875), (0.53125, 0.68750006), (0.53125, 0.62500006), (0.5625, 0.125), (0.5625, 0.1875), (0.53125, 0.1875), (0.53125, 0.125), (0.5625, 0.5625), (0.5625, 0.62500006), (0.53125, 0.62500006), (0.53125, 0.5625), (0.5625, 0.06249994), (0.5625, 0.125), (0.53125, 0.125), (0.53125, 0.06249994), (0.5625, 0.5), (0.5625, 0.5625), (0.53125, 0.5625), (0.53125, 0.5), (0.5625, 0.93750006), (0.546875, 1), (0.53125, 0.93750006), (0.546875, 0), (0.5625, 0.06249994), (0.53125, 0.06249994), (0.5625, 0.4375), (0.5625, 0.5), (0.53125, 0.5), (0.53125, 0.4375), (0.5625, 0.875), (0.5625, 0.93750006), (0.53125, 0.93750006), (0.53125, 0.875), (0.5625, 0.375), (0.5625, 0.4375), (0.53125, 0.4375), (0.53125, 0.375), (0.5625, 0.8125), (0.5625, 0.875), (0.53125, 0.875), (0.53125, 0.8125), (0.53125, 0.06249994), (0.53125, 0.125), (0.5, 0.125), (0.5, 0.06249994), (0.53125, 0.5), (0.53125, 0.5625), (0.5, 0.5625), (0.49999997, 0.5), (0.53125, 0.93750006), (0.515625, 1), (0.5, 0.93750006), (0.515625, 0), (0.53125, 0.06249994), (0.5, 0.06249994), (0.53125, 0.4375), (0.53125, 0.5), (0.49999997, 0.5), (0.5, 0.4375), (0.53125, 0.875), (0.53125, 0.93750006), (0.5, 0.93750006), (0.5, 0.875), (0.53125, 0.375), (0.53125, 0.4375), (0.5, 0.4375), (0.5, 0.375), (0.53125, 0.8125), (0.53125, 0.875), (0.5, 0.875), (0.49999997, 0.8125), (0.53125, 0.31249994), (0.53125, 0.375), (0.5, 0.375), (0.49999997, 0.31249994), (0.53125, 0.75000006), (0.53125, 0.8125), (0.49999997, 0.8125), (0.5, 0.75000006), (0.53125, 0.25), (0.53125, 0.31249994), (0.49999997, 0.31249994), (0.5, 0.25), (0.53125, 0.68750006), (0.53125, 0.75000006), (0.5, 0.75000006), (0.49999997, 0.68750006), (0.53125, 0.1875), (0.53125, 0.25), (0.5, 0.25), (0.49999997, 0.1875), (0.53125, 0.62500006), (0.53125, 0.68750006), (0.49999997, 0.68750006), (0.5, 0.62500006), (0.53125, 0.125), (0.53125, 0.1875), (0.49999997, 0.1875), (0.5, 0.125), (0.53125, 0.5625), (0.53125, 0.62500006), (0.5, 0.62500006), (0.5, 0.5625), (0.5, 0.25), (0.49999997, 0.31249994), (0.46874997, 0.31249994), (0.46875, 0.25), (0.49999997, 0.68750006), (0.5, 0.75000006), (0.46875, 0.75000006), (0.46874997, 0.68750006), (0.49999997, 0.1875), (0.5, 0.25), (0.46875, 0.25), (0.46875, 0.1875), (0.5, 0.62500006), (0.49999997, 0.68750006), (0.46874997, 0.68750006), (0.46875, 0.62500006), (0.5, 0.125), (0.49999997, 0.1875), (0.46875, 0.1875), (0.46875, 0.125), (0.5, 0.5625), (0.5, 0.62500006), (0.46875, 0.62500006), (0.46875, 0.5625), (0.5, 0.06249994), (0.5, 0.125), (0.46875, 0.125), (0.46875, 0.06249994), (0.49999997, 0.5), (0.5, 0.5625), (0.46875, 0.5625), (0.46874997, 0.5), (0.5, 0.93750006), (0.484375, 1), (0.46875, 0.93750006), (0.484375, 0), (0.5, 0.06249994), (0.46875, 0.06249994), (0.5, 0.4375), (0.49999997, 0.5), (0.46874997, 0.5), (0.46875, 0.4375), (0.5, 0.875), (0.5, 0.93750006), (0.46875, 0.93750006), (0.46875, 0.875), (0.5, 0.375), (0.5, 0.4375), (0.46875, 0.4375), (0.46875, 0.375), (0.49999997, 0.8125), (0.5, 0.875), (0.46875, 0.875), (0.46875, 0.8125), (0.49999997, 0.31249994), (0.5, 0.375), (0.46875, 0.375), (0.46874997, 0.31249994), (0.5, 0.75000006), (0.49999997, 0.8125), (0.46875, 0.8125), (0.46875, 0.75000006), (0.46875, 0.93750006), (0.453125, 1), (0.4375, 0.93750006), (0.453125, 0), (0.46875, 0.06249994), (0.4375, 0.06249994), (0.46875, 0.4375), (0.46874997, 0.5), (0.43749997, 0.5), (0.4375, 0.4375), (0.46875, 0.875), (0.46875, 0.93750006), (0.4375, 0.93750006), (0.4375, 0.875), (0.46875, 0.375), (0.46875, 0.4375), (0.4375, 0.4375), (0.4375, 0.375), (0.46875, 0.8125), (0.46875, 0.875), (0.4375, 0.875), (0.43749997, 0.81250006), (0.46874997, 0.31249994), (0.46875, 0.375), (0.4375, 0.375), (0.43749997, 0.31249994), (0.46875, 0.75000006), (0.46875, 0.8125), (0.43749997, 0.81250006), (0.4375, 0.75000006), (0.46875, 0.25), (0.46874997, 0.31249994), (0.43749997, 0.31249994), (0.4375, 0.25), (0.46874997, 0.68750006), (0.46875, 0.75000006), (0.4375, 0.75000006), (0.43749997, 0.68750006), (0.46875, 0.1875), (0.46875, 0.25), (0.4375, 0.25), (0.43749997, 0.1875), (0.46875, 0.62500006), (0.46874997, 0.68750006), (0.43749997, 0.68750006), (0.4375, 0.62500006), (0.46875, 0.125), (0.46875, 0.1875), (0.43749997, 0.1875), (0.4375, 0.125), (0.46875, 0.5625), (0.46875, 0.62500006), (0.4375, 0.62500006), (0.4375, 0.5625), (0.46875, 0.06249994), (0.46875, 0.125), (0.4375, 0.125), (0.4375, 0.06249994), (0.46874997, 0.5), (0.46875, 0.5625), (0.4375, 0.5625), (0.43749997, 0.5), (0.43749997, 0.68750006), (0.4375, 0.75000006), (0.40625, 0.75000006), (0.40625, 0.68750006), (0.43749997, 0.1875), (0.4375, 0.25), (0.40625, 0.25), (0.40625, 0.1875), (0.4375, 0.62500006), (0.43749997, 0.68750006), (0.40625, 0.68750006), (0.40625, 0.62500006), (0.4375, 0.125), (0.43749997, 0.1875), (0.40625, 0.1875), (0.40625, 0.125), (0.4375, 0.5625), (0.4375, 0.62500006), (0.40625, 0.62500006), (0.40625, 0.5625), (0.4375, 0.06249994), (0.4375, 0.125), (0.40625, 0.125), (0.40625, 0.06249994), (0.43749997, 0.5), (0.4375, 0.5625), (0.40625, 0.5625), (0.40624997, 0.5), (0.4375, 0.93750006), (0.421875, 1), (0.40625, 0.93750006), (0.421875, 0), (0.4375, 0.06249994), (0.40625, 0.06249994), (0.4375, 0.4375), (0.43749997, 0.5), (0.40624997, 0.5), (0.40625, 0.4375), (0.4375, 0.875), (0.4375, 0.93750006), (0.40625, 0.93750006), (0.40625, 0.875), (0.4375, 0.375), (0.4375, 0.4375), (0.40625, 0.4375), (0.40625, 0.375), (0.43749997, 0.81250006), (0.4375, 0.875), (0.40625, 0.875), (0.40625, 0.81250006), (0.43749997, 0.31249994), (0.4375, 0.375), (0.40625, 0.375), (0.40625, 0.31249994), (0.4375, 0.75000006), (0.43749997, 0.81250006), (0.40625, 0.81250006), (0.40625, 0.75000006), (0.4375, 0.25), (0.43749997, 0.31249994), (0.40625, 0.31249994), (0.40625, 0.25), (0.40625, 0.4375), (0.40624997, 0.5), (0.37499994, 0.5), (0.375, 0.4375), (0.40625, 0.875), (0.40625, 0.93750006), (0.375, 0.93750006), (0.375, 0.875), (0.40625, 0.375), (0.40625, 0.4375), (0.375, 0.4375), (0.375, 0.375), (0.40625, 0.81250006), (0.40625, 0.875), (0.375, 0.875), (0.37499997, 0.81250006), (0.40625, 0.31249994), (0.40625, 0.375), (0.375, 0.375), (0.375, 0.31249994), (0.40625, 0.75000006), (0.40625, 0.81250006), (0.37499997, 0.81250006), (0.375, 0.75000006), (0.40625, 0.25), (0.40625, 0.31249994), (0.375, 0.31249994), (0.375, 0.25), (0.40625, 0.68750006), (0.40625, 0.75000006), (0.375, 0.75000006), (0.375, 0.68750006), (0.40625, 0.1875), (0.40625, 0.25), (0.375, 0.25), (0.37499997, 0.1875), (0.40625, 0.62500006), (0.40625, 0.68750006), (0.375, 0.68750006), (0.375, 0.62500006), (0.40625, 0.125), (0.40625, 0.1875), (0.37499997, 0.1875), (0.375, 0.125), (0.40625, 0.5625), (0.40625, 0.62500006), (0.375, 0.62500006), (0.375, 0.5625), (0.40625, 0.06249994), (0.40625, 0.125), (0.375, 0.125), (0.375, 0.06249994), (0.40624997, 0.5), (0.40625, 0.5625), (0.375, 0.5625), (0.37499994, 0.5), (0.40625, 0.93750006), (0.390625, 1), (0.375, 0.93750006), (0.390625, 0), (0.40625, 0.06249994), (0.375, 0.06249994), (0.37499997, 0.1875), (0.375, 0.25), (0.34375, 0.25), (0.34375, 0.1875), (0.375, 0.62500006), (0.375, 0.68750006), (0.34375, 0.68750006), (0.34375, 0.62500006), (0.375, 0.125), (0.37499997, 0.1875), (0.34375, 0.1875), (0.34375, 0.125), (0.375, 0.5625), (0.375, 0.62500006), (0.34375, 0.62500006), (0.34375, 0.5625), (0.375, 0.06249994), (0.375, 0.125), (0.34375, 0.125), (0.34375, 0.06249994), (0.37499994, 0.5), (0.375, 0.5625), (0.34375, 0.5625), (0.34374994, 0.5), (0.375, 0.93750006), (0.359375, 1), (0.34375, 0.93750006), (0.359375, 0), (0.375, 0.06249994), (0.34375, 0.06249994), (0.375, 0.4375), (0.37499994, 0.5), (0.34374994, 0.5), (0.34375, 0.4375), (0.375, 0.875), (0.375, 0.93750006), (0.34375, 0.93750006), (0.34375, 0.875), (0.375, 0.375), (0.375, 0.4375), (0.34375, 0.4375), (0.34375, 0.375), (0.37499997, 0.81250006), (0.375, 0.875), (0.34375, 0.875), (0.34375, 0.81250006), (0.375, 0.31249994), (0.375, 0.375), (0.34375, 0.375), (0.34375, 0.31249994), (0.375, 0.75000006), (0.37499997, 0.81250006), (0.34375, 0.81250006), (0.34375, 0.75000006), (0.375, 0.25), (0.375, 0.31249994), (0.34375, 0.31249994), (0.34375, 0.25), (0.375, 0.68750006), (0.375, 0.75000006), (0.34375, 0.75000006), (0.34375, 0.68750006), (0.34375, 0.875), (0.34375, 0.93750006), (0.3125, 0.93750006), (0.3125, 0.875), (0.34375, 0.375), (0.34375, 0.4375), (0.3125, 0.4375), (0.3125, 0.375), (0.34375, 0.81250006), (0.34375, 0.875), (0.3125, 0.875), (0.3125, 0.81250006), (0.34375, 0.31249994), (0.34375, 0.375), (0.3125, 0.375), (0.3125, 0.31249994), (0.34375, 0.75000006), (0.34375, 0.81250006), (0.3125, 0.81250006), (0.3125, 0.75000006), (0.34375, 0.25), (0.34375, 0.31249994), (0.3125, 0.31249994), (0.3125, 0.25), (0.34375, 0.68750006), (0.34375, 0.75000006), (0.3125, 0.75000006), (0.3125, 0.68750006), (0.34375, 0.1875), (0.34375, 0.25), (0.3125, 0.25), (0.3125, 0.1875), (0.34375, 0.62500006), (0.34375, 0.68750006), (0.3125, 0.68750006), (0.3125, 0.62500006), (0.34375, 0.125), (0.34375, 0.1875), (0.3125, 0.1875), (0.3125, 0.125), (0.34375, 0.5625), (0.34375, 0.62500006), (0.3125, 0.62500006), (0.3125, 0.5625), (0.34375, 0.06249994), (0.34375, 0.125), (0.3125, 0.125), (0.3125, 0.06249994), (0.34374994, 0.5), (0.34375, 0.5625), (0.3125, 0.5625), (0.31249997, 0.5), (0.34375, 0.93750006), (0.328125, 1), (0.3125, 0.93750006), (0.328125, 0), (0.34375, 0.06249994), (0.3125, 0.06249994), (0.34375, 0.4375), (0.34374994, 0.5), (0.31249997, 0.5), (0.3125, 0.4375), (0.3125, 0.62500006), (0.3125, 0.68750006), (0.28125, 0.68750006), (0.28125, 0.62500006), (0.3125, 0.125), (0.3125, 0.1875), (0.28124997, 0.1875), (0.28125, 0.125), (0.3125, 0.5625), (0.3125, 0.62500006), (0.28125, 0.62500006), (0.28125, 0.5625), (0.3125, 0.06249994), (0.3125, 0.125), (0.28125, 0.125), (0.28125, 0.06249994), (0.31249997, 0.5), (0.3125, 0.5625), (0.28125, 0.5625), (0.28124994, 0.5), (0.3125, 0.93750006), (0.296875, 1), (0.28125, 0.93750006), (0.296875, 0), (0.3125, 0.06249994), (0.28125, 0.06249994), (0.3125, 0.4375), (0.31249997, 0.5), (0.28124994, 0.5), (0.28125, 0.4375), (0.3125, 0.875), (0.3125, 0.93750006), (0.28125, 0.93750006), (0.28125, 0.875), (0.3125, 0.375), (0.3125, 0.4375), (0.28125, 0.4375), (0.28125, 0.375), (0.3125, 0.81250006), (0.3125, 0.875), (0.28125, 0.875), (0.28124997, 0.81250006), (0.3125, 0.31249994), (0.3125, 0.375), (0.28125, 0.375), (0.28125, 0.31249994), (0.3125, 0.75000006), (0.3125, 0.81250006), (0.28124997, 0.81250006), (0.28125, 0.75000006), (0.3125, 0.25), (0.3125, 0.31249994), (0.28125, 0.31249994), (0.28125, 0.25), (0.3125, 0.68750006), (0.3125, 0.75000006), (0.28125, 0.75000006), (0.28125, 0.68750006), (0.3125, 0.1875), (0.3125, 0.25), (0.28125, 0.25), (0.28124997, 0.1875), (0.28125, 0.375), (0.28125, 0.4375), (0.24999997, 0.4375), (0.25, 0.375), (0.28124997, 0.81250006), (0.28125, 0.875), (0.24999997, 0.875), (0.24999997, 0.81250006), (0.28125, 0.31249994), (0.28125, 0.375), (0.25, 0.375), (0.24999997, 0.31249994), (0.28125, 0.75000006), (0.28124997, 0.81250006), (0.24999997, 0.81250006), (0.25, 0.75000006), (0.28125, 0.25), (0.28125, 0.31249994), (0.24999997, 0.31249994), (0.25, 0.25), (0.28125, 0.68750006), (0.28125, 0.75000006), (0.25, 0.75000006), (0.24999997, 0.68750006), (0.28124997, 0.1875), (0.28125, 0.25), (0.25, 0.25), (0.24999997, 0.1875), (0.28125, 0.62500006), (0.28125, 0.68750006), (0.24999997, 0.68750006), (0.25, 0.62500006), (0.28125, 0.125), (0.28124997, 0.1875), (0.24999997, 0.1875), (0.24999997, 0.125), (0.28125, 0.5625), (0.28125, 0.62500006), (0.25, 0.62500006), (0.24999997, 0.5625), (0.28125, 0.06249994), (0.28125, 0.125), (0.24999997, 0.125), (0.25, 0.06249994), (0.28124994, 0.5), (0.28125, 0.5625), (0.24999997, 0.5625), (0.24999997, 0.5), (0.28125, 0.93750006), (0.265625, 1), (0.25, 0.93750006), (0.265625, 0), (0.28125, 0.06249994), (0.25, 0.06249994), (0.28125, 0.4375), (0.28124994, 0.5), (0.24999997, 0.5), (0.24999997, 0.4375), (0.28125, 0.875), (0.28125, 0.93750006), (0.25, 0.93750006), (0.24999997, 0.875), (0.24999997, 0.125), (0.24999997, 0.1875), (0.21875, 0.1875), (0.21875, 0.125), (0.24999997, 0.5625), (0.25, 0.62500006), (0.21875, 0.62500006), (0.21875, 0.5625), (0.25, 0.06249994), (0.24999997, 0.125), (0.21875, 0.125), (0.21875, 0.06249994), (0.24999997, 0.5), (0.24999997, 0.5625), (0.21875, 0.5625), (0.21874994, 0.5), (0.25, 0.93750006), (0.234375, 1), (0.21875, 0.93750006), (0.234375, 0), (0.25, 0.06249994), (0.21875, 0.06249994), (0.24999997, 0.4375), (0.24999997, 0.5), (0.21874994, 0.5), (0.21875, 0.4375), (0.24999997, 0.875), (0.25, 0.93750006), (0.21875, 0.93750006), (0.21875, 0.875), (0.25, 0.375), (0.24999997, 0.4375), (0.21875, 0.4375), (0.21875, 0.375), (0.24999997, 0.81250006), (0.24999997, 0.875), (0.21875, 0.875), (0.21875, 0.81250006), (0.24999997, 0.31249994), (0.25, 0.375), (0.21875, 0.375), (0.21875, 0.31249994), (0.25, 0.75000006), (0.24999997, 0.81250006), (0.21875, 0.81250006), (0.21875, 0.75000006), (0.25, 0.25), (0.24999997, 0.31249994), (0.21875, 0.31249994), (0.21875, 0.25), (0.24999997, 0.68750006), (0.25, 0.75000006), (0.21875, 0.75000006), (0.21875, 0.6875001), (0.24999997, 0.1875), (0.25, 0.25), (0.21875, 0.25), (0.21875, 0.1875), (0.25, 0.62500006), (0.24999997, 0.68750006), (0.21875, 0.6875001), (0.21875, 0.62500006), (0.21875, 0.31249994), (0.21875, 0.375), (0.1875, 0.37499994), (0.1875, 0.31249994), (0.21875, 0.75000006), (0.21875, 0.81250006), (0.18749997, 0.81250006), (0.1875, 0.75000006), (0.21875, 0.25), (0.21875, 0.31249994), (0.1875, 0.31249994), (0.1875, 0.25), (0.21875, 0.6875001), (0.21875, 0.75000006), (0.1875, 0.75000006), (0.1875, 0.6875001), (0.21875, 0.1875), (0.21875, 0.25), (0.1875, 0.25), (0.18749997, 0.1875), (0.21875, 0.62500006), (0.21875, 0.6875001), (0.1875, 0.6875001), (0.1875, 0.62500006), (0.21875, 0.125), (0.21875, 0.1875), (0.18749997, 0.1875), (0.1875, 0.125), (0.21875, 0.5625), (0.21875, 0.62500006), (0.1875, 0.62500006), (0.18749997, 0.5625), (0.21875, 0.06249994), (0.21875, 0.125), (0.1875, 0.125), (0.1875, 0.06249994), (0.21874994, 0.5), (0.21875, 0.5625), (0.18749997, 0.5625), (0.18749997, 0.5), (0.21875, 0.93750006), (0.203125, 1), (0.1875, 0.93750006), (0.203125, 0), (0.21875, 0.06249994), (0.1875, 0.06249994), (0.21875, 0.4375), (0.21874994, 0.5), (0.18749997, 0.5), (0.18749997, 0.4375), (0.21875, 0.875), (0.21875, 0.93750006), (0.1875, 0.93750006), (0.1875, 0.875), (0.21875, 0.375), (0.21875, 0.4375), (0.18749997, 0.4375), (0.1875, 0.37499994), (0.21875, 0.81250006), (0.21875, 0.875), (0.1875, 0.875), (0.18749997, 0.81250006), (0.1875, 0.06249994), (0.1875, 0.125), (0.15624997, 0.125), (0.15625003, 0.06249994), (0.18749997, 0.5), (0.18749997, 0.5625), (0.15624997, 0.5625), (0.15624994, 0.5), (0.1875, 0.93750006), (0.17187503, 1), (0.15625003, 0.93750006), (0.17187503, 0), (0.1875, 0.06249994), (0.15625003, 0.06249994), (0.18749997, 0.4375), (0.18749997, 0.5), (0.15624994, 0.5), (0.15624997, 0.4375), (0.1875, 0.875), (0.1875, 0.93750006), (0.15625003, 0.93750006), (0.15624997, 0.875), (0.1875, 0.37499994), (0.18749997, 0.4375), (0.15624997, 0.4375), (0.15625003, 0.37499994), (0.18749997, 0.81250006), (0.1875, 0.875), (0.15624997, 0.875), (0.15624997, 0.8125001), (0.1875, 0.31249994), (0.1875, 0.37499994), (0.15625003, 0.37499994), (0.15624997, 0.31249994), (0.1875, 0.75000006), (0.18749997, 0.81250006), (0.15624997, 0.8125001), (0.15624997, 0.75000006), (0.1875, 0.25), (0.1875, 0.31249994), (0.15624997, 0.31249994), (0.15624997, 0.25), (0.1875, 0.6875001), (0.1875, 0.75000006), (0.15624997, 0.75000006), (0.15624997, 0.6875001), (0.18749997, 0.1875), (0.1875, 0.25), (0.15624997, 0.25), (0.15624997, 0.18749994), (0.1875, 0.62500006), (0.1875, 0.6875001), (0.15624997, 0.6875001), (0.15625003, 0.62500006), (0.1875, 0.125), (0.18749997, 0.1875), (0.15624997, 0.18749994), (0.15624997, 0.125), (0.18749997, 0.5625), (0.1875, 0.62500006), (0.15625003, 0.62500006), (0.15624997, 0.5625), (0.15624997, 0.75000006), (0.15624997, 0.8125001), (0.12499997, 0.8125001), (0.125, 0.75000006), (0.15624997, 0.25), (0.15624997, 0.31249994), (0.12499997, 0.31249994), (0.125, 0.25), (0.15624997, 0.6875001), (0.15624997, 0.75000006), (0.125, 0.75000006), (0.12499997, 0.6875001), (0.15624997, 0.18749994), (0.15624997, 0.25), (0.125, 0.25), (0.12499997, 0.18749994), (0.15625003, 0.62500006), (0.15624997, 0.6875001), (0.12499997, 0.6875001), (0.125, 0.62500006), (0.15624997, 0.125), (0.15624997, 0.18749994), (0.12499997, 0.18749994), (0.125, 0.125), (0.15624997, 0.5625), (0.15625003, 0.62500006), (0.125, 0.62500006), (0.12499997, 0.5625), (0.15625003, 0.06249994), (0.15624997, 0.125), (0.125, 0.125), (0.125, 0.06249994), (0.15624994, 0.5), (0.15624997, 0.5625), (0.12499997, 0.5625), (0.12499994, 0.5), (0.15625003, 0.93750006), (0.14062503, 1), (0.125, 0.93750006), (0.14062503, 0), (0.15625003, 0.06249994), (0.125, 0.06249994), (0.15624997, 0.4375), (0.15624994, 0.5), (0.12499994, 0.5), (0.12499997, 0.4375), (0.15624997, 0.875), (0.15625003, 0.93750006), (0.125, 0.93750006), (0.125, 0.875), (0.15625003, 0.37499994), (0.15624997, 0.4375), (0.12499997, 0.4375), (0.125, 0.37499994), (0.15624997, 0.8125001), (0.15624997, 0.875), (0.125, 0.875), (0.12499997, 0.8125001), (0.15624997, 0.31249994), (0.15625003, 0.37499994), (0.125, 0.37499994), (0.12499997, 0.31249994), (0.12499994, 0.5), (0.12499997, 0.5625), (0.09374997, 0.5625), (0.09374997, 0.5), (0.125, 0.93750006), (0.109375, 1), (0.09375, 0.93750006), (0.109375, 0), (0.125, 0.06249994), (0.09375, 0.06249994), (0.12499997, 0.4375), (0.12499994, 0.5), (0.09374997, 0.5), (0.09374997, 0.4375), (0.125, 0.875), (0.125, 0.93750006), (0.09375, 0.93750006), (0.09375, 0.875), (0.125, 0.37499994), (0.12499997, 0.4375), (0.09374997, 0.4375), (0.09375, 0.37499994), (0.12499997, 0.8125001), (0.125, 0.875), (0.09375, 0.875), (0.09374997, 0.8125001), (0.12499997, 0.31249994), (0.125, 0.37499994), (0.09375, 0.37499994), (0.09375, 0.31249994), (0.125, 0.75000006), (0.12499997, 0.8125001), (0.09374997, 0.8125001), (0.09375, 0.75000006), (0.125, 0.25), (0.12499997, 0.31249994), (0.09375, 0.31249994), (0.09375, 0.24999994), (0.12499997, 0.6875001), (0.125, 0.75000006), (0.09375, 0.75000006), (0.09375, 0.6875001), (0.12499997, 0.18749994), (0.125, 0.25), (0.09375, 0.24999994), (0.09374997, 0.18749994), (0.125, 0.62500006), (0.12499997, 0.6875001), (0.09375, 0.6875001), (0.09375, 0.6250001), (0.125, 0.125), (0.12499997, 0.18749994), (0.09374997, 0.18749994), (0.09375, 0.125), (0.12499997, 0.5625), (0.125, 0.62500006), (0.09375, 0.6250001), (0.09374997, 0.5625), (0.125, 0.06249994), (0.125, 0.125), (0.09375, 0.125), (0.09375, 0.06249994), (0.09375, 0.24999994), (0.09375, 0.31249994), (0.0625, 0.31249988), (0.06250003, 0.25), (0.09375, 0.6875001), (0.09375, 0.75000006), (0.06250003, 0.75000006), (0.0625, 0.6875001), (0.09374997, 0.18749994), (0.09375, 0.24999994), (0.06250003, 0.25), (0.0625, 0.18749994), (0.09375, 0.6250001), (0.09375, 0.6875001), (0.0625, 0.6875001), (0.06250003, 0.6250001), (0.09375, 0.125), (0.09374997, 0.18749994), (0.0625, 0.18749994), (0.0625, 0.125), (0.09374997, 0.5625), (0.09375, 0.6250001), (0.06250003, 0.6250001), (0.0625, 0.5625), (0.09375, 0.06249994), (0.09375, 0.125), (0.0625, 0.125), (0.0625, 0.06249994), (0.09374997, 0.5), (0.09374997, 0.5625), (0.0625, 0.5625), (0.06249994, 0.5), (0.09375, 0.93750006), (0.078125, 1), (0.0625, 0.93750006), (0.078125, 0), (0.09375, 0.06249994), (0.0625, 0.06249994), (0.09374997, 0.4375), (0.09374997, 0.5), (0.06249994, 0.5), (0.0625, 0.4375), (0.09375, 0.875), (0.09375, 0.93750006), (0.0625, 0.93750006), (0.0625, 0.875), (0.09375, 0.37499994), (0.09374997, 0.4375), (0.0625, 0.4375), (0.06250003, 0.37499994), (0.09374997, 0.8125001), (0.09375, 0.875), (0.0625, 0.875), (0.0625, 0.8125001), (0.09375, 0.31249994), (0.09375, 0.37499994), (0.06250003, 0.37499994), (0.0625, 0.31249988), (0.09375, 0.75000006), (0.09374997, 0.8125001), (0.0625, 0.8125001), (0.06250003, 0.75000006), (0.0625, 0.93750006), (0.04687497, 1), (0.03125, 0.93750006), (0.04687497, 0), (0.0625, 0.06249994), (0.03125, 0.06249994), (0.0625, 0.4375), (0.06249994, 0.5), (0.03124994, 0.5), (0.03124997, 0.4375), (0.0625, 0.875), (0.0625, 0.93750006), (0.03125, 0.93750006), (0.03124997, 0.87500006), (0.06250003, 0.37499994), (0.0625, 0.4375), (0.03124997, 0.4375), (0.03125, 0.37499994), (0.0625, 0.8125001), (0.0625, 0.875), (0.03124997, 0.87500006), (0.03124997, 0.8125001), (0.0625, 0.31249988), (0.06250003, 0.37499994), (0.03125, 0.37499994), (0.03124997, 0.31249994), (0.06250003, 0.75000006), (0.0625, 0.8125001), (0.03124997, 0.8125001), (0.03125, 0.75000006), (0.06250003, 0.25), (0.0625, 0.31249988), (0.03124997, 0.31249994), (0.03125, 0.25), (0.0625, 0.6875001), (0.06250003, 0.75000006), (0.03125, 0.75000006), (0.03124997, 0.6875001), (0.0625, 0.18749994), (0.06250003, 0.25), (0.03125, 0.25), (0.03124997, 0.18749994), (0.06250003, 0.6250001), (0.0625, 0.6875001), (0.03124997, 0.6875001), (0.03125, 0.62500006), (0.0625, 0.125), (0.0625, 0.18749994), (0.03124997, 0.18749994), (0.03124997, 0.125), (0.0625, 0.5625), (0.06250003, 0.6250001), (0.03125, 0.62500006), (0.03124997, 0.5625), (0.0625, 0.06249994), (0.0625, 0.125), (0.03124997, 0.125), (0.03125, 0.06249994), (0.06249994, 0.5), (0.0625, 0.5625), (0.03124997, 0.5625), (0.03124994, 0.5), (0.03124997, 0.6875001), (0.03125, 0.75000006), (0, 0.75000006), (0, 0.6875001), (0.03124997, 0.18749994), (0.03125, 0.25), (0, 0.24999994), (0, 0.18749994), (0.03125, 0.62500006), (0.03124997, 0.6875001), (0, 0.6875001), (0, 0.6250001), (0.03124997, 0.125), (0.03124997, 0.18749994), (0, 0.18749994), (0, 0.125), (0.03124997, 0.5625), (0.03125, 0.62500006), (0, 0.6250001), (0, 0.5625), (0.03125, 0.06249994), (0.03124997, 0.125), (0, 0.125), (0, 0.06249994), (0.03124994, 0.5), (0.03124997, 0.5625), (0, 0.5625), (0, 0.5), (0.03125, 0.93750006), (0.015625, 1), (0, 0.93750006), (0.015625, 0), (0.03125, 0.06249994), (0, 0.06249994), (0.03124997, 0.4375), (0.03124994, 0.5), (0, 0.5), (0, 0.4375), (0.03124997, 0.87500006), (0.03125, 0.93750006), (0, 0.93750006), (0, 0.87500006), (0.03125, 0.37499994), (0.03124997, 0.4375), (0, 0.4375), (0, 0.37499994), (0.03124997, 0.8125001), (0.03124997, 0.87500006), (0, 0.87500006), (0, 0.8125001), (0.03124997, 0.31249994), (0.03125, 0.37499994), (0, 0.37499994), (0, 0.31249994), (0.03125, 0.75000006), (0.03124997, 0.8125001), (0, 0.8125001), (0, 0.75000006), (0.03125, 0.25), (0.03124997, 0.31249994), (0, 0.31249994), (0, 0.24999994), (1, 0.4375), (1, 0.5), (0.9687499, 0.5), (0.96874994, 0.4375), (1, 0.87500006), (1, 0.93750006), (0.96875, 0.93750006), (0.96874994, 0.87500006), (1, 0.37499994), (1, 0.4375), (0.96874994, 0.4375), (0.96875, 0.37499994), (1, 0.8125001), (1, 0.87500006), (0.96874994, 0.87500006), (0.96874994, 0.8125001), (1, 0.31249994), (1, 0.37499994), (0.96875, 0.37499994), (0.96874994, 0.31249988), (1, 0.75000006), (1, 0.8125001), (0.96874994, 0.8125001), (0.96875, 0.75000006), (1, 0.24999994), (1, 0.31249994), (0.96874994, 0.31249988), (0.96875, 0.24999994), (1, 0.6875001), (1, 0.75000006), (0.96875, 0.75000006), (0.96874994, 0.6875001), (1, 0.18749994), (1, 0.24999994), (0.96875, 0.24999994), (0.96874994, 0.18749994), (1, 0.6250001), (1, 0.6875001), (0.96874994, 0.6875001), (0.96875, 0.6250001), (1, 0.125), (1, 0.18749994), (0.96874994, 0.18749994), (0.96874994, 0.125), (1, 0.5625), (1, 0.6250001), (0.96875, 0.6250001), (0.96874994, 0.5625), (1, 0.06249994), (1, 0.125), (0.96874994, 0.125), (0.96875, 0.06249994), (1, 0.5), (1, 0.5625), (0.96874994, 0.5625), (0.9687499, 0.5), (1, 0.93750006), (0.984375, 1), (0.96875, 0.93750006), (0.984375, 0), (1, 0.06249994), (0.96875, 0.06249994), (0.96874994, 0.18749994), (0.96875, 0.24999994), (0.9375, 0.24999994), (0.93749994, 0.18749994), (0.96875, 0.6250001), (0.96874994, 0.6875001), (0.93749994, 0.6875001), (0.9375, 0.6250001), (0.96874994, 0.125), (0.96874994, 0.18749994), (0.93749994, 0.18749994), (0.9375, 0.125), (0.96874994, 0.5625), (0.96875, 0.6250001), (0.9375, 0.6250001), (0.93749994, 0.56250006), (0.96875, 0.06249994), (0.96874994, 0.125), (0.9375, 0.125), (0.9375, 0.06249994), (0.9687499, 0.5), (0.96874994, 0.5625), (0.93749994, 0.56250006), (0.9374999, 0.5), (0.96875, 0.93750006), (0.953125, 1), (0.9375, 0.93750006), (0.953125, 0), (0.96875, 0.06249994), (0.9375, 0.06249994), (0.96874994, 0.4375), (0.9687499, 0.5), (0.9374999, 0.5), (0.93749994, 0.4375), (0.96874994, 0.87500006), (0.96875, 0.93750006), (0.9375, 0.93750006), (0.9375, 0.87500006), (0.96875, 0.37499994), (0.96874994, 0.4375), (0.93749994, 0.4375), (0.9375, 0.37499994), (0.96874994, 0.8125001), (0.96874994, 0.87500006), (0.9375, 0.87500006), (0.93749994, 0.8125001), (0.96874994, 0.31249988), (0.96875, 0.37499994), (0.9375, 0.37499994), (0.93749994, 0.31249988), (0.96875, 0.75000006), (0.96874994, 0.8125001), (0.93749994, 0.8125001), (0.9375, 0.75000006), (0.96875, 0.24999994), (0.96874994, 0.31249988), (0.93749994, 0.31249988), (0.9375, 0.24999994), (0.96874994, 0.6875001), (0.96875, 0.75000006), (0.9375, 0.75000006), (0.93749994, 0.6875001), (0.9375, 0.37499994), (0.93749994, 0.4375), (0.90624994, 0.4375), (0.90625, 0.37499994), (0.93749994, 0.8125001), (0.9375, 0.87500006), (0.90625, 0.87500006), (0.90624994, 0.8125001), (0.93749994, 0.31249988), (0.9375, 0.37499994), (0.90625, 0.37499994), (0.90625, 0.31249988), (0.9375, 0.75000006), (0.93749994, 0.8125001), (0.90624994, 0.8125001), (0.90625, 0.75000006), (0.9375, 0.24999994), (0.93749994, 0.31249988), (0.90625, 0.31249988), (0.90625, 0.24999994), (0.93749994, 0.6875001), (0.9375, 0.75000006), (0.90625, 0.75000006), (0.90625, 0.6875001), (0.93749994, 0.18749994), (0.9375, 0.24999994), (0.90625, 0.24999994), (0.90624994, 0.18749994), (0.9375, 0.6250001), (0.93749994, 0.6875001), (0.90625, 0.6875001), (0.90625, 0.6250001), (0.9375, 0.125), (0.93749994, 0.18749994), (0.90624994, 0.18749994), (0.90625, 0.125), (0.93749994, 0.56250006), (0.9375, 0.6250001), (0.90625, 0.6250001), (0.90624994, 0.56250006), (0.9375, 0.06249994), (0.9375, 0.125), (0.90625, 0.125), (0.90625, 0.06249994), (0.9374999, 0.5), (0.93749994, 0.56250006), (0.90624994, 0.56250006), (0.90624994, 0.5), (0.9375, 0.93750006), (0.921875, 1), (0.90625, 0.93750006), (0.921875, 0), (0.9375, 0.06249994), (0.90625, 0.06249994), (0.93749994, 0.4375), (0.9374999, 0.5), (0.90624994, 0.5), (0.90624994, 0.4375), (0.9375, 0.87500006), (0.9375, 0.93750006), (0.90625, 0.93750006), (0.90625, 0.87500006), (0.90625, 0.125), (0.90624994, 0.18749994), (0.8749999, 0.18749994), (0.875, 0.125), (0.90624994, 0.56250006), (0.90625, 0.6250001), (0.875, 0.6250001), (0.87499994, 0.56250006), (0.90625, 0.06249994), (0.90625, 0.125), (0.875, 0.125), (0.875, 0.06249994), (0.90624994, 0.5), (0.90624994, 0.56250006), (0.87499994, 0.56250006), (0.8749999, 0.5), (0.90625, 0.93750006), (0.890625, 1), (0.875, 0.93750006), (0.890625, 0), (0.90625, 0.06249994), (0.875, 0.06249994), (0.90624994, 0.4375), (0.90624994, 0.5), (0.8749999, 0.5), (0.87499994, 0.4375), (0.90625, 0.87500006), (0.90625, 0.93750006), (0.875, 0.93750006), (0.875, 0.87500006), (0.90625, 0.37499994), (0.90624994, 0.4375), (0.87499994, 0.4375), (0.875, 0.37499994), (0.90624994, 0.8125001), (0.90625, 0.87500006), (0.875, 0.87500006), (0.8749999, 0.8125001), (0.90625, 0.31249988), (0.90625, 0.37499994), (0.875, 0.37499994), (0.87499994, 0.31249988), (0.90625, 0.75000006), (0.90624994, 0.8125001), (0.8749999, 0.8125001), (0.875, 0.75000006), (0.90625, 0.24999994), (0.90625, 0.31249988), (0.87499994, 0.31249988), (0.875, 0.24999994), (0.90625, 0.6875001), (0.90625, 0.75000006), (0.875, 0.75000006), (0.87499994, 0.6875001), (0.90624994, 0.18749994), (0.90625, 0.24999994), (0.875, 0.24999994), (0.8749999, 0.18749994), (0.90625, 0.6250001), (0.90625, 0.6875001), (0.87499994, 0.6875001), (0.875, 0.6250001), (0.8749999, 0.8125001), (0.875, 0.87500006), (0.84375, 0.87500006), (0.84374994, 0.8125002), (0.87499994, 0.31249988), (0.875, 0.37499994), (0.84375, 0.37499994), (0.84374994, 0.31249988), (0.875, 0.75000006), (0.8749999, 0.8125001), (0.84374994, 0.8125002), (0.84375, 0.75000006), (0.875, 0.24999994), (0.87499994, 0.31249988), (0.84374994, 0.31249988), (0.84375, 0.24999994), (0.87499994, 0.6875001), (0.875, 0.75000006), (0.84375, 0.75000006), (0.84374994, 0.6875001), (0.8749999, 0.18749994), (0.875, 0.24999994), (0.84375, 0.24999994), (0.84374994, 0.18749982), (0.875, 0.6250001), (0.87499994, 0.6875001), (0.84374994, 0.6875001), (0.84375, 0.6250001), (0.875, 0.125), (0.8749999, 0.18749994), (0.84374994, 0.18749982), (0.84375, 0.125), (0.87499994, 0.56250006), (0.875, 0.6250001), (0.84375, 0.6250001), (0.84374994, 0.56250006), (0.875, 0.06249994), (0.875, 0.125), (0.84375, 0.125), (0.84375, 0.06249994), (0.8749999, 0.5), (0.87499994, 0.56250006), (0.84374994, 0.56250006), (0.8437499, 0.5), (0.875, 0.93750006), (0.859375, 1), (0.84375, 0.93750006), (0.859375, 0), (0.875, 0.06249994), (0.84375, 0.06249994), (0.87499994, 0.4375), (0.8749999, 0.5), (0.8437499, 0.5), (0.84374994, 0.4375), (0.875, 0.87500006), (0.875, 0.93750006), (0.84375, 0.93750006), (0.84375, 0.87500006), (0.875, 0.37499994), (0.87499994, 0.4375), (0.84374994, 0.4375), (0.84375, 0.37499994), (0.84374994, 0.56250006), (0.84375, 0.6250001), (0.8125, 0.6250001), (0.81249994, 0.56250006), (0.84375, 0.06249994), (0.84375, 0.125), (0.8125, 0.125), (0.8125, 0.06249988), (0.8437499, 0.5), (0.84374994, 0.56250006), (0.81249994, 0.56250006), (0.81249994, 0.5), (0.84375, 0.93750006), (0.828125, 1), (0.8125, 0.9375001), (0.828125, 0), (0.84375, 0.06249994), (0.8125, 0.06249988), (0.84374994, 0.4375), (0.8437499, 0.5), (0.81249994, 0.5), (0.81249994, 0.4375), (0.84375, 0.87500006), (0.84375, 0.93750006), (0.8125, 0.9375001), (0.8125, 0.87500006), (0.84375, 0.37499994), (0.84374994, 0.4375), (0.81249994, 0.4375), (0.8125, 0.37499994), (0.84374994, 0.8125002), (0.84375, 0.87500006), (0.8125, 0.87500006), (0.81249994, 0.8125002), (0.84374994, 0.31249988), (0.84375, 0.37499994), (0.8125, 0.37499994), (0.81249994, 0.31249988), (0.84375, 0.75000006), (0.84374994, 0.8125002), (0.81249994, 0.8125002), (0.8125, 0.75000006), (0.84375, 0.24999994), (0.84374994, 0.31249988), (0.81249994, 0.31249988), (0.8125, 0.24999994), (0.84374994, 0.6875001), (0.84375, 0.75000006), (0.8125, 0.75000006), (0.81249994, 0.6875001), (0.84374994, 0.18749982), (0.84375, 0.24999994), (0.8125, 0.24999994), (0.81249994, 0.18749982), (0.84375, 0.6250001), (0.84374994, 0.6875001), (0.81249994, 0.6875001), (0.8125, 0.6250001), (0.84375, 0.125), (0.84374994, 0.18749982), (0.81249994, 0.18749982), (0.8125, 0.125), (0.81249994, 0.31249988), (0.8125, 0.37499994), (0.78125, 0.37499994), (0.78124994, 0.31249988), (0.8125, 0.75000006), (0.81249994, 0.8125002), (0.78124994, 0.8125002), (0.78125, 0.75000006), (0.8125, 0.24999994), (0.81249994, 0.31249988), (0.78124994, 0.31249988), (0.78125, 0.25), (0.81249994, 0.6875001), (0.8125, 0.75000006), (0.78125, 0.75000006), (0.78124994, 0.6875001), (0.81249994, 0.18749982), (0.8125, 0.24999994), (0.78125, 0.25), (0.78124994, 0.18749982), (0.8125, 0.6250001), (0.81249994, 0.6875001), (0.78124994, 0.6875001), (0.78125, 0.6250001), (0.8125, 0.125), (0.81249994, 0.18749982), (0.78124994, 0.18749982), (0.78125, 0.125), (0.81249994, 0.56250006), (0.8125, 0.6250001), (0.78125, 0.6250001), (0.78124994, 0.56250006), (0.8125, 0.06249988), (0.8125, 0.125), (0.78125, 0.125), (0.78125, 0.06249988), (0.81249994, 0.5), (0.81249994, 0.56250006), (0.78124994, 0.56250006), (0.7812499, 0.5), (0.8125, 0.9375001), (0.796875, 1), (0.78125, 0.9375001), (0.796875, 0), (0.8125, 0.06249988), (0.78125, 0.06249988), (0.81249994, 0.4375), (0.81249994, 0.5), (0.7812499, 0.5), (0.78124994, 0.4375), (0.8125, 0.87500006), (0.8125, 0.9375001), (0.78125, 0.9375001), (0.78125, 0.87500006), (0.8125, 0.37499994), (0.81249994, 0.4375), (0.78124994, 0.4375), (0.78125, 0.37499994), (0.81249994, 0.8125002), (0.8125, 0.87500006), (0.78125, 0.87500006), (0.78124994, 0.8125002), (0.78125, 0.06249988), (0.78125, 0.125), (0.74999994, 0.125), (0.75, 0.06249988), (0.7812499, 0.5), (0.78124994, 0.56250006), (0.75, 0.5625), (0.75, 0.5), (0.78125, 0.9375001), (0.765625, 1), (0.75, 0.9375001), (0.765625, 0), (0.78125, 0.06249988), (0.75, 0.06249988), (0.78124994, 0.4375), (0.7812499, 0.5), (0.75, 0.5), (0.75, 0.4375), (0.78125, 0.87500006), (0.78125, 0.9375001), (0.75, 0.9375001), (0.74999994, 0.87500006), (0.78125, 0.37499994), (0.78124994, 0.4375), (0.75, 0.4375), (0.75, 0.37499994), (0.78124994, 0.8125002), (0.78125, 0.87500006), (0.74999994, 0.87500006), (0.75, 0.8125), (0.78124994, 0.31249988), (0.78125, 0.37499994), (0.75, 0.37499994), (0.75, 0.31250006), (0.78125, 0.75000006), (0.78124994, 0.8125002), (0.75, 0.8125), (0.75, 0.75000006), (0.78125, 0.25), (0.78124994, 0.31249988), (0.75, 0.31250006), (0.75, 0.24999994), (0.78124994, 0.6875001), (0.78125, 0.75000006), (0.75, 0.75000006), (0.75, 0.6875), (0.78124994, 0.18749982), (0.78125, 0.25), (0.75, 0.24999994), (0.74999994, 0.18749982), (0.78125, 0.6250001), (0.78124994, 0.6875001), (0.75, 0.6875), (0.75, 0.6250001), (0.78125, 0.125), (0.78124994, 0.18749982), (0.74999994, 0.18749982), (0.74999994, 0.125), (0.78124994, 0.56250006), (0.78125, 0.6250001), (0.75, 0.6250001), (0.75, 0.5625)] (
            interpolation = "faceVarying"
        )
        uniform token subdivisionScheme = "none"
    }
}

